Date,CompanyID,Revenue,Expenses,Profit,LossFlag,Employees,Region,BusinessValuation,ClosedFlag
2016-01-31,0,59787.83,35665.13,24122.700000000004,0.0,347,A,2412.0,0.0
2016-01-31,1,839843.11,186981.75,652861.36,0.0,427,B,65286.0,0.0
2016-01-31,2,2947.15,8697.11,-5749.960000000001,1.0,817,A,-172.0,0.0
2016-01-31,3,9831.7,3352.14,6479.560000000001,0.0,771,B,648.0,0.0
2016-01-31,4,5212.89,7348.36,-2135.4699999999993,1.0,445,C,-64.0,0.0
2016-01-31,5,987879.99,461661.53,526218.46,0.0,977,A,52622.0,0.0
2016-01-31,6,84.89,64.28,20.61,0.0,482,A,2.0,0.0
2016-01-31,7,96.03,90.89,5.140000000000001,0.0,108,B,1.0,0.0
2016-01-31,8,98296.22,67516.2,30780.020000000004,0.0,476,D,3078.0,0.0
2016-01-31,9,494730.21,326922.55,167807.66000000003,0.0,511,E,16781.0,0.0
2016-01-31,10,872962.28,282972.65,589989.63,0.0,564,A,58999.0,0.0
2016-01-31,11,424002.86,302785.2,121217.65999999997,0.0,122,A,12122.0,0.0
2016-01-31,12,1479.49,5650.44,-4170.95,1.0,192,C,-125.0,0.0
2016-01-31,13,94.47,56.05,38.42,0.0,656,B,4.0,0.0
2016-01-31,14,830452.98,292910.58,537542.3999999999,0.0,138,B,53754.0,0.0
2016-01-31,15,650.59,407.8,242.79000000000002,0.0,502,B,24.0,0.0
2016-01-31,16,220726.04,125634.96,95091.08,0.0,349,A,9509.0,0.0
2016-01-31,17,489666.06,388436.43,101229.63,0.0,339,D,10123.0,0.0
2016-01-31,18,906919.21,347712.67,559206.54,0.0,12,A,55921.0,0.0
2016-01-31,19,209.49,768.19,-558.7,1.0,947,C,-17.0,0.0
2016-01-31,20,51.26,37.55,13.71,0.0,324,B,1.0,0.0
2016-01-31,21,45.41,41.3,4.109999999999999,0.0,681,D,0.0,0.0
2016-01-31,22,530.86,649.86,-119.0,1.0,733,A,-4.0,0.0
2016-01-31,23,280850.47,444520.98,-163670.51,1.0,222,B,-4910.0,0.0
2016-01-31,24,53.65,46.79,6.859999999999999,0.0,85,D,1.0,0.0
2016-01-31,25,26.58,75.01,-48.43000000000001,1.0,186,A,-1.0,0.0
2016-01-31,26,36973.53,83438.07,-46464.54000000001,1.0,73,C,-1394.0,0.0
2016-01-31,27,,,,,533,A,,1.0
2016-01-31,28,516918.8,828661.16,-311742.36000000004,1.0,109,A,-9352.0,0.0
2016-01-31,29,507.89,366.56,141.32999999999998,0.0,459,C,14.0,0.0
2016-01-31,30,97836.75,56378.87,41457.88,0.0,374,A,4146.0,0.0
2016-01-31,31,58981.31,64593.29,-5611.980000000003,1.0,379,B,-168.0,0.0
2016-01-31,32,310050.1,109324.11,200725.99,0.0,263,C,20073.0,0.0
2016-01-31,33,891508.45,283101.85,608406.6,0.0,390,E,60841.0,0.0
2016-01-31,34,53.09,82.82,-29.72999999999999,1.0,790,E,-1.0,0.0
2016-01-31,35,644589.74,219728.99,424860.75,0.0,98,B,42486.0,0.0
2016-01-31,36,56.43,41.46,14.969999999999999,0.0,570,E,1.0,0.0
2016-01-31,37,901392.1,384986.99,516405.11,0.0,793,E,51641.0,0.0
2016-01-31,38,116368.77,439016.28,-322647.51,1.0,531,B,-9679.0,0.0
2016-01-31,39,58675.51,72680.31,-14004.799999999996,1.0,662,B,-420.0,0.0
2016-01-31,40,79.17,16.95,62.22,0.0,886,A,6.0,0.0
2016-01-31,41,262924.08,489843.63,-226919.55,1.0,135,B,-6808.0,0.0
2016-01-31,42,4908.46,1914.36,2994.1000000000004,0.0,180,A,299.0,0.0
2016-01-31,43,191.45,298.62,-107.17000000000002,1.0,549,C,-3.0,0.0
2016-01-31,44,9368.23,3402.91,5965.32,0.0,415,B,597.0,0.0
2016-01-31,45,38534.6,42321.97,-3787.3700000000026,1.0,824,A,-114.0,0.0
2016-01-31,46,453.37,762.38,-309.01,1.0,62,C,-9.0,0.0
2016-01-31,47,4778.82,6517.78,-1738.96,1.0,137,C,-52.0,0.0
2016-01-31,48,690.66,478.62,212.03999999999996,0.0,473,B,21.0,0.0
2016-01-31,49,6241.07,4245.89,1995.1799999999994,0.0,622,C,200.0,0.0
2016-01-31,50,6047.02,8633.25,-2586.2299999999996,1.0,604,A,-78.0,0.0
2016-01-31,51,173.75,28.65,145.1,0.0,868,B,15.0,0.0
2016-01-31,52,449.81,595.02,-145.20999999999998,1.0,516,C,-4.0,0.0
2016-01-31,53,7650.47,8573.74,-923.2699999999995,1.0,658,B,-28.0,0.0
2016-01-31,54,529.61,575.34,-45.73000000000002,1.0,196,B,-1.0,0.0
2016-01-31,55,98953.92,,43484.46,0.0,647,C,4348.0,0.0
2016-01-31,56,271.49,489.8,-218.31,1.0,676,B,-7.0,0.0
2016-01-31,57,494.82,948.17,-453.34999999999997,1.0,554,E,-14.0,0.0
2016-01-31,58,150.75,147.19,3.5600000000000023,0.0,418,A,0.0,0.0
2016-01-31,59,81.88,97.56,,1.0,631,A,-0.0,0.0
2016-01-31,60,61.09,10.44,50.650000000000006,0.0,279,C,5.0,0.0
2016-01-31,61,4018.55,7615.86,-3597.3099999999995,1.0,179,D,-108.0,0.0
2016-01-31,62,977128.22,438052.55,539075.6699999999,0.0,601,B,53908.0,0.0
2016-01-31,63,3000.38,7396.94,-4396.5599999999995,1.0,92,A,-132.0,0.0
2016-01-31,64,224124.91,354491.58,-130366.67000000001,1.0,323,A,-3911.0,0.0
2016-01-31,65,590.04,697.33,-107.29000000000008,1.0,859,B,-3.0,0.0
2016-01-31,66,518663.95,243955.4,274708.55000000005,0.0,998,A,27471.0,0.0
2016-01-31,67,63345.83,25018.32,38327.51,0.0,216,A,3833.0,0.0
2016-01-31,68,644955.56,410014.94,234940.62000000005,0.0,338,D,23494.0,0.0
2016-01-31,69,907.19,995.19,-88.0,1.0,967,C,-3.0,0.0
2016-01-31,70,9484.51,6805.45,2679.0600000000004,0.0,848,C,268.0,0.0
2016-01-31,71,556.23,499.7,56.53000000000003,0.0,166,C,6.0,0.0
2016-01-31,72,939992.91,399444.4,540548.51,0.0,731,D,54055.0,0.0
2016-01-31,73,78588.89,40119.86,38469.03,0.0,747,A,3847.0,0.0
2016-01-31,74,42154.63,482301.19,-440146.56,1.0,914,B,-13204.0,0.0
2016-01-31,75,3039.09,6433.18,-3394.09,1.0,12,C,-102.0,0.0
2016-01-31,76,63202.08,6908.31,56293.770000000004,0.0,405,B,5629.0,0.0
2016-01-31,77,197752.62,465854.54,-268101.92,1.0,235,D,-8043.0,0.0
2016-01-31,78,36082.22,21538.04,14544.18,0.0,886,A,1454.0,0.0
2016-01-31,79,887.9,764.23,123.66999999999996,0.0,193,B,12.0,0.0
2016-01-31,80,505.32,409.88,95.44,0.0,470,A,10.0,0.0
2016-01-31,81,6200.5,2140.68,4059.82,0.0,223,B,406.0,0.0
2016-01-31,82,22827.02,77904.66,-55077.64,1.0,605,C,-1652.0,0.0
2016-01-31,83,472.43,112.57,359.86,0.0,508,B,36.0,0.0
2016-01-31,84,336.37,226.87,109.5,0.0,630,B,11.0,0.0
2016-01-31,85,754.85,90.09,664.76,0.0,103,A,66.0,0.0
2016-01-31,86,755570.7,183482.04,572088.6599999999,0.0,43,B,57209.0,0.0
2016-01-31,87,476661.41,980863.48,-504202.07,1.0,578,C,-15126.0,0.0
2016-01-31,88,51841.17,57944.51,-6103.340000000004,1.0,112,B,-183.0,0.0
2016-01-31,89,645.02,553.89,91.13,0.0,815,A,9.0,0.0
2016-01-31,90,536045.37,132983.52,403061.85,0.0,529,A,40306.0,0.0
2016-01-31,91,807020.43,424152.03,382868.4,0.0,463,A,38287.0,0.0
2016-01-31,92,79505.41,72258.33,7247.080000000002,0.0,908,A,725.0,0.0
2016-01-31,93,11048.86,42968.31,-31919.449999999997,1.0,235,A,-958.0,0.0
2016-01-31,94,80396.33,63727.85,16668.480000000003,0.0,747,C,1667.0,0.0
2016-01-31,95,980.76,365.76,615.0,0.0,599,D,62.0,0.0
2016-01-31,96,,155241.93,51107.869999999995,0.0,80,A,5111.0,0.0
2016-01-31,97,66.42,45.81,20.61,0.0,821,B,2.0,0.0
2016-01-31,98,43.92,104.84,-60.92,,145,A,-2.0,0.0
2016-01-31,99,6773.32,5607.86,1165.46,0.0,188,C,117.0,0.0
2016-02-29,0,12136.38,73573.4,-61437.02,1.0,347,A,-396.0,0.0
2016-02-29,1,599086.52,290940.33,308146.19,0.0,427,B,96101.0,0.0
2016-02-29,2,5328.58,6170.3,-841.7200000000003,1.0,817,A,-370.0,0.0
2016-02-29,3,5018.24,55927.12,-50908.880000000005,1.0,771,B,-1138.0,0.0
2016-02-29,4,7212.59,8573.39,-1360.7999999999993,1.0,445,C,-169.0,0.0
2016-02-29,5,545845.73,195239.81,350605.92,0.0,977,A,87682.0,0.0
2016-02-29,6,40.1,6.94,33.160000000000004,0.0,482,A,5.0,0.0
2016-02-29,7,83.87,98.34,-14.469999999999999,1.0,108,B,-0.0,0.0
2016-02-29,8,21540.34,56098.22,-34557.880000000005,1.0,476,D,810.0,0.0
2016-02-29,9,223412.02,486541.83,-263129.81000000006,,511,E,2175.0,0.0
2016-02-29,10,441603.62,332884.86,108718.76000000001,0.0,564,A,69871.0,0.0
2016-02-29,11,489104.27,202776.16,286328.11,0.0,122,A,40755.0,0.0
2016-02-29,12,6298.27,1687.06,4611.210000000001,0.0,192,C,44.0,0.0
2016-02-29,13,34.02,81.08,-47.059999999999995,1.0,656,B,1.0,0.0
2016-02-29,14,911404.04,359445.63,551958.41,0.0,138,B,108950.0,0.0
2016-02-29,15,260.49,994.17,-733.68,1.0,502,B,-7.0,0.0
2016-02-29,16,182583.56,499991.98,-317408.42,1.0,349,A,-3817.0,0.0
2016-02-29,17,902439.35,401709.16,500730.19,0.0,339,D,60196.0,0.0
2016-02-29,18,704184.08,424491.84,279692.23999999993,0.0,12,A,83890.0,0.0
2016-02-29,19,419.46,,-469.75000000000006,1.0,947,C,-48.0,0.0
2016-02-29,20,29.76,59.51,-29.749999999999996,1.0,324,B,-0.0,0.0
2016-02-29,21,50.25,50.02,0.22999999999999687,0.0,681,D,0.0,0.0
2016-02-29,22,719.97,135.88,584.09,0.0,733,A,47.0,0.0
2016-02-29,23,884999.64,177316.94,707682.7,0.0,222,B,54401.0,0.0
2016-02-29,24,93.34,32.18,61.160000000000004,0.0,85,D,7.0,0.0
2016-02-29,25,96.81,98.85,-2.039999999999992,1.0,186,A,-3.0,0.0
2016-02-29,26,16102.49,85734.78,-69632.29,1.0,73,C,-4877.0,0.0
2016-02-29,27,,,,,533,A,,1.0
2016-02-29,28,,258731.61,57367.890000000014,0.0,109,A,-16984.0,0.0
2016-02-29,29,635.62,877.6,-241.98000000000002,1.0,459,C,1.0,0.0
2016-02-29,30,64283.37,33507.66,30775.71,0.0,374,A,7223.0,0.0
2016-02-29,31,92714.74,195738.91,-103024.17,1.0,379,B,-3427.0,0.0
2016-02-29,32,541991.67,469448.51,72543.16000000003,0.0,263,C,27327.0,0.0
2016-02-29,33,955450.24,236371.55,719078.69,0.0,390,E,132749.0,0.0
2016-02-29,34,34.93,1.15,33.78,0.0,790,E,0.0,0.0
2016-02-29,35,808341.93,358339.02,450002.91000000003,0.0,98,B,87486.0,0.0
2016-02-29,36,25.0,16.41,8.59,0.0,570,E,2.0,0.0
2016-02-29,37,892511.72,414105.11,478406.61,0.0,793,E,99481.0,0.0
2016-02-29,38,898535.75,435833.72,462702.03,0.0,531,B,14005.0,0.0
2016-02-29,39,32167.95,15671.09,,0.0,662,B,249.0,0.0
2016-02-29,40,33.81,29.36,4.450000000000003,0.0,886,A,7.0,0.0
2016-02-29,41,856433.25,304724.96,551708.29,0.0,135,B,32479.0,0.0
2016-02-29,42,3235.43,9460.63,-6225.199999999999,1.0,180,A,-7.0,0.0
2016-02-29,43,686.34,955.9,-269.55999999999995,1.0,549,C,-15.0,0.0
2016-02-29,44,9366.56,6982.56,2383.999999999999,0.0,415,B,835.0,0.0
2016-02-29,45,86148.96,419033.02,-332884.06,1.0,824,A,-10214.0,0.0
2016-02-29,46,610.26,499.68,110.57999999999998,0.0,62,C,-15.0,0.0
2016-02-29,47,3903.19,6705.31,-2802.1200000000003,1.0,137,C,-188.0,0.0
2016-02-29,48,217.45,1377.31,-1159.86,1.0,473,B,-22.0,0.0
2016-02-29,49,9008.13,9377.96,-369.8299999999999,1.0,622,C,163.0,0.0
2016-02-29,50,4434.65,2462.68,1971.9699999999998,0.0,604,A,-61.0,0.0
2016-02-29,51,668.96,975.66,-306.69999999999993,1.0,868,B,-0.0,0.0
2016-02-29,52,254.51,183.53,70.97999999999999,0.0,516,C,-7.0,0.0
2016-02-29,53,8749.96,7405.71,1344.249999999999,0.0,658,B,42.0,0.0
2016-02-29,54,453.89,30.33,423.56,0.0,196,B,38.0,0.0
2016-02-29,55,44240.64,87119.27,-42878.630000000005,1.0,647,C,1323.0,0.0
2016-02-29,56,137.88,945.52,-807.64,1.0,676,B,-37.0,0.0
2016-02-29,57,212.15,143.37,68.78,0.0,554,E,-25.0,0.0
2016-02-29,58,816.24,646.64,169.60000000000002,0.0,418,A,17.0,0.0
2016-02-29,59,38.27,69.41,-31.139999999999993,1.0,631,A,-2.0,0.0
2016-02-29,60,45.09,82.95,-37.86,1.0,279,C,2.0,0.0
2016-02-29,61,8240.25,3907.71,4332.54,0.0,179,D,74.0,0.0
2016-02-29,62,427190.28,207515.82,219674.46000000002,0.0,601,B,75875.0,0.0
2016-02-29,63,5681.18,9171.07,-3489.8899999999994,1.0,92,A,-368.0,0.0
2016-02-29,64,153806.65,466525.06,-312718.41000000003,1.0,323,A,-17204.0,0.0
2016-02-29,65,992.8,683.59,309.2099999999999,0.0,859,B,20.0,0.0
2016-02-29,66,636824.14,470127.43,166696.71000000002,0.0,998,A,44141.0,0.0
2016-02-29,67,11223.73,98977.39,-87753.66,1.0,216,A,-333.0,0.0
2016-02-29,68,871638.63,266547.99,605090.64,0.0,338,D,84003.0,0.0
2016-02-29,69,672.36,123.46,548.9,0.0,967,C,46.0,0.0
2016-02-29,70,7042.19,2378.04,4664.15,0.0,848,C,734.0,0.0
2016-02-29,71,501.96,127.38,374.58,0.0,166,C,43.0,0.0
2016-02-29,72,147742.87,125360.45,22382.42,0.0,731,D,56293.0,0.0
2016-02-29,73,92362.56,14414.39,77948.17,0.0,747,A,11642.0,0.0
2016-02-29,74,76916.5,21451.19,55465.31,0.0,914,B,-24745.0,0.0
2016-02-29,75,7790.5,6555.94,1234.5600000000004,0.0,12,C,-167.0,0.0
2016-02-29,76,25579.23,52296.96,-26717.73,1.0,405,B,2958.0,0.0
2016-02-29,77,210756.58,352767.97,-142011.38999999998,1.0,235,D,-20346.0,0.0
2016-02-29,78,14593.39,48118.66,-33525.270000000004,1.0,886,A,-133.0,0.0
2016-02-29,79,244.8,997.84,-753.04,1.0,193,B,-15.0,0.0
2016-02-29,80,727.31,994.45,-267.1400000000001,1.0,470,A,-2.0,0.0
2016-02-29,81,8442.04,6974.18,1467.8600000000006,0.0,223,B,553.0,0.0
2016-02-29,82,50078.98,77825.66,-27746.68,1.0,605,C,-4137.0,0.0
2016-02-29,83,809.62,582.66,226.96000000000004,0.0,508,B,59.0,0.0
2016-02-29,84,279.39,656.5,-377.11,1.0,630,B,-5.0,0.0
2016-02-29,85,233.64,148.93,84.70999999999998,0.0,103,A,75.0,0.0
2016-02-29,86,873841.83,160877.26,712964.57,0.0,43,B,128505.0,0.0
2016-02-29,87,761501.87,145251.36,616250.51,0.0,578,C,11205.0,0.0
2016-02-29,88,86195.52,96414.31,-10218.789999999994,1.0,112,B,-673.0,0.0
2016-02-29,89,985.4,118.47,866.93,0.0,815,A,96.0,0.0
2016-02-29,90,743735.6,323384.12,420351.48,0.0,529,A,82341.0,0.0
2016-02-29,91,860197.09,310570.37,549626.72,0.0,463,A,93250.0,0.0
2016-02-29,92,57201.7,50953.03,6248.669999999998,0.0,908,A,1350.0,0.0
2016-02-29,93,19497.81,32432.33,-12934.52,1.0,235,A,-2303.0,0.0
2016-02-29,94,55277.9,49085.19,6192.709999999999,0.0,747,C,2286.0,0.0
2016-02-29,95,364.58,372.8,-8.220000000000027,1.0,599,D,61.0,0.0
2016-02-29,96,703604.67,296021.35,407583.32000000007,0.0,80,A,45869.0,0.0
2016-02-29,97,63.39,90.87,-27.480000000000004,1.0,821,B,0.0,0.0
2016-02-29,98,20.67,83.11,-62.44,1.0,145,A,-6.0,0.0
2016-02-29,99,4514.64,1071.49,3443.1500000000005,0.0,188,C,461.0,0.0
2016-03-31,0,73680.38,54805.75,18874.630000000005,0.0,347,A,-949.0,0.0
2016-03-31,1,720637.81,193217.68,527420.1300000001,0.0,427,B,148843.0,0.0
2016-03-31,2,3221.48,1860.53,1360.95,0.0,817,A,-523.0,0.0
2016-03-31,3,9425.54,8620.16,805.380000000001,0.0,771,B,-2447.0,0.0
2016-03-31,4,7499.17,5623.58,1875.5900000000001,0.0,445,C,-162.0,0.0
2016-03-31,5,917797.22,337881.21,579916.01,0.0,977,A,145674.0,0.0
2016-03-31,6,52.9,18.53,34.37,0.0,482,A,9.0,0.0
2016-03-31,7,16.86,74.8,-57.94,1.0,108,B,-2.0,0.0
2016-03-31,8,11923.39,52777.09,-40853.7,1.0,476,D,-529.0,0.0
2016-03-31,9,917659.43,200625.5,717033.93,0.0,511,E,62171.0,0.0
2016-03-31,10,130702.12,269640.99,-138938.87,1.0,564,A,55977.0,0.0
2016-03-31,11,959485.36,488144.87,471340.49,0.0,122,A,87889.0,0.0
2016-03-31,12,6819.69,1632.9,5186.789999999999,0.0,192,C,563.0,0.0
2016-03-31,13,48.35,41.35,7.0,0.0,656,B,1.0,0.0
2016-03-31,14,187227.02,407221.23,-219994.21,1.0,138,B,86951.0,0.0
2016-03-31,15,675.49,415.62,259.87,0.0,502,B,-14.0,0.0
2016-03-31,16,896799.66,113140.24,783659.42,0.0,349,A,56134.0,0.0
2016-03-31,17,,206847.01,32815.84,0.0,339,D,63478.0,0.0
2016-03-31,18,976434.33,497015.07,479419.25999999995,0.0,12,A,131832.0,0.0
2016-03-31,19,905.47,9788.93,-8883.460000000001,1.0,947,C,-345.0,0.0
2016-03-31,20,17.25,75.32,-58.06999999999999,1.0,324,B,-2.0,0.0
2016-03-31,21,81.27,78.59,2.6799999999999926,0.0,681,D,1.0,0.0
2016-03-31,22,126.31,283.84,-157.52999999999997,1.0,733,A,31.0,0.0
2016-03-31,23,630972.17,446187.41,184784.76000000007,0.0,222,B,72880.0,0.0
2016-03-31,24,34.99,47.61,-12.619999999999997,1.0,85,D,6.0,0.0
2016-03-31,25,85.78,73.27,12.510000000000005,0.0,186,A,-4.0,0.0
2016-03-31,26,52324.8,32245.07,20079.730000000003,0.0,73,C,-7757.0,0.0
2016-03-31,27,,,,,533,A,,1.0
2016-03-31,28,613968.6,457314.1,156654.5,0.0,109,A,-9772.0,0.0
2016-03-31,29,867.18,711.23,155.94999999999993,0.0,459,C,6.0,0.0
2016-03-31,30,91916.7,58793.66,33123.03999999999,0.0,374,A,10536.0,0.0
2016-03-31,31,23622.28,24680.46,-1058.1800000000003,1.0,379,B,-6718.0,0.0
2016-03-31,32,841812.43,224972.63,616839.8,0.0,263,C,89011.0,0.0
2016-03-31,33,324430.76,473033.11,-148602.34999999998,1.0,390,E,117888.0,0.0
2016-03-31,34,44.49,87.82,-43.32999999999999,1.0,790,E,-2.0,0.0
2016-03-31,35,203975.84,315768.51,-111792.67000000001,1.0,98,B,76307.0,0.0
2016-03-31,36,61.01,32.17,28.839999999999996,0.0,570,E,5.0,0.0
2016-03-31,37,728630.47,212250.07,516380.39999999997,0.0,793,E,151119.0,0.0
2016-03-31,38,117259.56,99213.83,18045.729999999996,0.0,531,B,15810.0,0.0
2016-03-31,39,25540.42,24791.33,749.0899999999965,0.0,662,B,324.0,0.0
2016-03-31,40,68.44,51.28,17.159999999999997,0.0,886,A,8.0,0.0
2016-03-31,41,988531.95,434740.47,553791.48,0.0,135,B,87858.0,0.0
2016-03-31,42,1809.9,4430.16,-2620.2599999999998,1.0,180,A,-183.0,0.0
2016-03-31,43,670.36,7466.13,-6795.77,1.0,549,C,-230.0,0.0
2016-03-31,44,9720.9,7558.63,2162.2699999999995,0.0,415,B,1051.0,0.0
2016-03-31,45,,,,,824,A,,1.0
2016-03-31,46,143.99,269.87,-125.88,1.0,62,C,-25.0,0.0
2016-03-31,47,7978.69,9433.7,-1455.0100000000011,1.0,137,C,-368.0,0.0
2016-03-31,48,393.41,133.66,259.75,0.0,473,B,-43.0,0.0
2016-03-31,49,4775.19,,1466.1399999999994,0.0,622,C,309.0,0.0
2016-03-31,50,1834.65,5705.3,-3870.65,1.0,604,A,-231.0,0.0
2016-03-31,51,823.44,812.4,11.040000000000077,0.0,868,B,-5.0,0.0
2016-03-31,52,686.59,392.28,294.31000000000006,0.0,516,C,22.0,0.0
2016-03-31,53,2888.69,9812.46,-6923.769999999999,1.0,658,B,-210.0,0.0
2016-03-31,54,575.55,78.08,497.46999999999997,0.0,196,B,88.0,0.0
2016-03-31,55,79718.15,17593.14,62125.009999999995,0.0,647,C,6273.0,0.0
2016-03-31,56,272.85,81.46,191.39000000000004,0.0,676,B,-62.0,0.0
2016-03-31,57,687.95,202.89,485.06000000000006,0.0,554,E,10.0,0.0
2016-03-31,58,183.49,660.08,-476.59000000000003,1.0,418,A,-4.0,0.0
2016-03-31,59,33.15,90.43,-57.28000000000001,1.0,631,A,-5.0,0.0
2016-03-31,60,46.0,74.46,-28.459999999999994,1.0,279,C,1.0,0.0
2016-03-31,61,9077.62,4921.12,4156.500000000001,0.0,179,D,489.0,0.0
2016-03-31,62,219535.13,29861.83,189673.3,0.0,601,B,94842.0,0.0
2016-03-31,63,1405.95,8526.2,-7120.250000000001,1.0,92,A,-819.0,0.0
2016-03-31,64,569441.56,245440.32,324001.24000000005,0.0,323,A,-11908.0,0.0
2016-03-31,65,522.36,668.82,-146.46000000000004,1.0,859,B,6.0,0.0
2016-03-31,66,490847.77,111553.16,379294.61,0.0,998,A,82070.0,0.0
2016-03-31,67,87050.4,40719.61,46330.78999999999,0.0,216,A,-310.0,0.0
2016-03-31,68,403918.47,151603.23,252315.23999999996,0.0,338,D,109235.0,0.0
2016-03-31,69,216.68,509.06,-292.38,1.0,967,C,17.0,0.0
2016-03-31,70,1472.29,4482.66,-3010.37,1.0,848,C,433.0,0.0
2016-03-31,71,142.97,631.13,-488.15999999999997,1.0,166,C,13.0,0.0
2016-03-31,72,232042.42,468686.81,-236644.38999999998,1.0,731,D,42893.0,0.0
2016-03-31,73,70074.74,71000.56,-925.8199999999924,1.0,747,A,11549.0,0.0
2016-03-31,74,67034.65,55819.36,11215.289999999994,0.0,914,B,-35949.0,0.0
2016-03-31,75,9988.57,1266.86,8721.71,0.0,12,C,656.0,0.0
2016-03-31,76,49106.18,65602.69,-16496.510000000002,1.0,405,B,2968.0,0.0
2016-03-31,77,,,,,235,D,,1.0
2016-03-31,78,41260.48,63494.15,-22233.67,1.0,886,A,-1370.0,0.0
2016-03-31,79,551.63,538.29,13.340000000000032,0.0,193,B,-34.0,0.0
2016-03-31,80,627.85,137.01,490.84000000000003,0.0,470,A,32.0,0.0
2016-03-31,81,9491.88,9072.96,418.9200000000001,0.0,223,B,595.0,0.0
2016-03-31,82,32624.69,55131.49,-22506.8,1.0,605,C,-7297.0,0.0
2016-03-31,83,578.0,169.08,408.91999999999996,0.0,508,B,100.0,0.0
2016-03-31,84,871.81,764.4,107.40999999999997,0.0,630,B,-10.0,0.0
2016-03-31,85,552.04,757.98,-205.94000000000005,,103,A,59.0,0.0
2016-03-31,86,543411.1,331267.66,212143.44,0.0,43,B,149720.0,0.0
2016-03-31,87,568836.37,459201.53,109634.83999999997,0.0,578,C,22168.0,0.0
2016-03-31,88,83414.62,17720.85,65693.76999999999,0.0,112,B,4937.0,0.0
2016-03-31,89,959.56,440.96,518.5999999999999,0.0,815,A,148.0,0.0
2016-03-31,90,935457.42,202309.37,733148.05,0.0,529,A,155656.0,0.0
2016-03-31,91,427071.52,255351.93,171719.59000000003,0.0,463,A,110421.0,0.0
2016-03-31,92,93685.41,38596.4,55089.01,0.0,908,A,6858.0,0.0
2016-03-31,93,48842.77,51606.53,-2763.760000000002,1.0,235,A,-3732.0,0.0
2016-03-31,94,55963.9,30353.11,25610.79,0.0,747,C,4847.0,0.0
2016-03-31,95,379.08,475.35,-96.27000000000004,1.0,599,D,52.0,0.0
2016-03-31,96,392560.89,604961.8,-212400.91000000003,1.0,80,A,24629.0,0.0
2016-03-31,97,32.97,93.7,,1.0,821,B,-2.0,0.0
2016-03-31,98,88.63,79.97,8.659999999999997,0.0,145,A,-9.0,0.0
2016-03-31,99,8333.2,1655.74,6677.460000000001,0.0,188,C,1129.0,0.0
2016-04-30,0,60741.43,30819.93,29921.5,0.0,347,A,1148.0,0.0
2016-04-30,1,294176.2,15832.84,278343.36,0.0,427,B,176677.0,0.0
2016-04-30,2,5243.05,4430.52,812.5299999999997,0.0,817,A,-442.0,0.0
2016-04-30,3,7181.22,6107.14,1074.08,0.0,771,B,-3724.0,0.0
2016-04-30,4,5965.17,5432.89,532.2799999999997,0.0,445,C,-109.0,0.0
2016-04-30,5,407488.17,285456.62,122031.54999999999,0.0,977,A,157877.0,0.0
2016-04-30,6,43.77,87.21,-43.43999999999999,1.0,482,A,6.0,0.0
2016-04-30,7,87.49,42.81,44.67999999999999,0.0,108,B,-2.0,0.0
2016-04-30,8,50662.53,496593.9,-445931.37,1.0,476,D,-15246.0,0.0
2016-04-30,9,373332.66,493020.43,-119687.77000000002,1.0,511,E,50202.0,0.0
2016-04-30,10,115672.36,432758.43,-317086.07,1.0,564,A,62735.0,0.0
2016-04-30,11,377970.42,161324.37,216646.05,0.0,122,A,109553.0,0.0
2016-04-30,12,5316.97,9056.78,-3739.8100000000004,1.0,192,C,189.0,0.0
2016-04-30,13,72.7,66.84,5.859999999999999,0.0,656,B,1.0,0.0
2016-04-30,14,764747.86,250933.14,513814.72,0.0,138,B,138332.0,0.0
2016-04-30,15,437.03,168.33,268.69999999999993,0.0,502,B,4.0,0.0
2016-04-30,16,615898.89,286018.2,329880.69,0.0,349,A,89122.0,0.0
2016-04-30,17,198864.14,454335.32,-255471.18,1.0,339,D,51518.0,0.0
2016-04-30,18,496818.65,196010.63,300808.02,0.0,12,A,161913.0,0.0
2016-04-30,19,414.16,373.02,41.14000000000004,0.0,947,C,-641.0,0.0
2016-04-30,20,15.06,27.24,-12.179999999999998,1.0,324,B,-5.0,0.0
2016-04-30,21,87.32,80.68,6.639999999999986,0.0,681,D,1.0,0.0
2016-04-30,22,300.77,818.34,-517.57,1.0,733,A,13.0,0.0
2016-04-30,23,706062.18,309081.87,396980.31000000006,0.0,222,B,112578.0,0.0
2016-04-30,24,94.56,72.13,22.430000000000007,0.0,85,D,8.0,0.0
2016-04-30,25,46.88,15.57,31.310000000000002,0.0,186,A,-1.0,0.0
2016-04-30,26,61268.29,63235.14,-1966.8499999999985,1.0,73,C,-9798.0,0.0
2016-04-30,27,,,,,533,A,,1.0
2016-04-30,28,732997.52,274076.22,458921.30000000005,0.0,109,A,36120.0,0.0
2016-04-30,29,875.56,791.28,84.27999999999997,0.0,459,C,14.0,0.0
2016-04-30,30,21898.32,86256.78,-64358.46,1.0,374,A,7801.0,0.0
2016-04-30,31,93481.47,63692.09,,0.0,379,B,-7990.0,0.0
2016-04-30,32,619477.6,279954.02,339523.57999999996,0.0,263,C,122963.0,0.0
2016-04-30,33,663396.29,287194.62,376201.67000000004,0.0,390,E,155508.0,0.0
2016-04-30,34,,,,,790,E,,1.0
2016-04-30,35,395092.37,433918.26,-38825.890000000014,1.0,98,B,83611.0,0.0
2016-04-30,36,70.21,,17.139999999999993,0.0,570,E,7.0,0.0
2016-04-30,37,615739.51,327654.99,288084.52,0.0,793,E,179928.0,0.0
2016-04-30,38,152526.59,257456.42,-104929.83000000002,1.0,531,B,5317.0,0.0
2016-04-30,39,76413.67,141708.06,-65294.39,1.0,662,B,-2110.0,0.0
2016-04-30,40,22.43,60.15,-37.72,1.0,886,A,8.0,0.0
2016-04-30,41,907708.92,493834.38,413874.54000000004,0.0,135,B,129245.0,0.0
2016-04-30,42,9931.78,6896.03,3035.750000000001,0.0,180,A,-267.0,0.0
2016-04-30,43,180.91,448.69,-267.78,1.0,549,C,-453.0,0.0
2016-04-30,44,7540.6,8489.9,-949.2999999999993,1.0,415,B,1032.0,0.0
2016-04-30,45,,,,,824,A,,1.0
2016-04-30,46,668.1,248.18,419.92,0.0,62,C,10.0,0.0
2016-04-30,47,2311.17,3683.56,-1372.3899999999999,1.0,137,C,-589.0,0.0
2016-04-30,48,877.95,768.25,109.70000000000005,0.0,473,B,-58.0,0.0
2016-04-30,49,6221.56,8014.23,-1792.6699999999992,1.0,622,C,240.0,0.0
2016-04-30,50,4525.49,2926.74,1598.75,0.0,604,A,-289.0,0.0
2016-04-30,51,820.2,983.59,-163.39,1.0,868,B,-14.0,0.0
2016-04-30,52,139.88,335.65,-195.76999999999998,1.0,516,C,2.0,0.0
2016-04-30,53,3245.21,9637.38,-6392.169999999999,1.0,658,B,-597.0,0.0
2016-04-30,54,688.84,650.98,37.860000000000014,0.0,196,B,91.0,0.0
2016-04-30,55,66023.85,49188.18,16835.670000000006,0.0,647,C,7957.0,0.0
2016-04-30,56,,,,,676,B,,1.0
2016-04-30,57,840.2,640.31,199.8900000000001,0.0,554,E,30.0,0.0
2016-04-30,58,158.87,40.01,118.86000000000001,0.0,418,A,-9.0,0.0
2016-04-30,59,76.89,44.06,32.83,0.0,631,A,-7.0,0.0
2016-04-30,60,34.76,75.95,-41.190000000000005,1.0,279,C,-0.0,0.0
2016-04-30,61,8604.54,6606.47,1998.0700000000006,0.0,179,D,689.0,0.0
2016-04-30,62,446571.42,214882.92,231688.49999999997,0.0,601,B,118011.0,0.0
2016-04-30,63,9639.62,7427.36,2212.260000000001,0.0,92,A,-1203.0,0.0
2016-04-30,64,472032.69,150593.44,321439.25,0.0,323,A,20236.0,0.0
2016-04-30,65,825.93,408.31,417.61999999999995,0.0,859,B,47.0,0.0
2016-04-30,66,580009.39,114836.82,465172.57,0.0,998,A,128587.0,0.0
2016-04-30,67,25523.17,29650.84,-4127.670000000002,1.0,216,A,-643.0,0.0
2016-04-30,68,900262.98,320025.6,580237.38,0.0,338,D,167258.0,0.0
2016-04-30,69,212.42,388.62,-176.20000000000002,1.0,967,C,16.0,0.0
2016-04-30,70,6588.34,5141.7,1446.6400000000003,0.0,848,C,604.0,0.0
2016-04-30,71,794.17,120.18,673.99,0.0,166,C,62.0,0.0
2016-04-30,72,960491.6,310394.0,650097.6,0.0,731,D,97638.0,0.0
2016-04-30,73,28554.92,1511.86,27043.059999999998,0.0,747,A,14253.0,0.0
2016-04-30,74,99101.76,15463.05,83638.70999999999,0.0,914,B,-28983.0,0.0
2016-04-30,75,6906.76,823.12,6083.64,0.0,12,C,1265.0,0.0
2016-04-30,76,41865.93,30408.53,11457.400000000001,0.0,405,B,3705.0,0.0
2016-04-30,77,,,,,235,D,,1.0
2016-04-30,78,93178.2,71955.39,21222.809999999998,0.0,886,A,-1969.0,0.0
2016-04-30,79,388.69,160.74,227.95,0.0,193,B,-39.0,0.0
2016-04-30,80,982.22,791.91,190.31000000000006,0.0,470,A,51.0,0.0
2016-04-30,81,4530.38,1451.97,3078.41,0.0,223,B,903.0,0.0
2016-04-30,82,92620.04,23028.28,69591.76,0.0,605,C,-3574.0,0.0
2016-04-30,83,,987.72,-156.62,1.0,508,B,84.0,0.0
2016-04-30,84,679.75,583.7,96.04999999999995,0.0,630,B,-6.0,0.0
2016-04-30,85,883.23,171.53,711.7,0.0,103,A,126.0,0.0
2016-04-30,86,195218.03,280357.81,-85139.78,1.0,43,B,142992.0,0.0
2016-04-30,87,525034.81,284623.15,240411.66000000003,,578,C,46209.0,0.0
2016-04-30,88,66592.05,85251.47,-18659.42,1.0,112,B,3071.0,0.0
2016-04-30,89,975.83,943.26,32.57000000000005,0.0,815,A,151.0,0.0
2016-04-30,90,652443.94,482478.24,169965.69999999995,0.0,529,A,172653.0,0.0
2016-04-30,91,722381.74,276438.65,445943.08999999997,0.0,463,A,155016.0,0.0
2016-04-30,92,17861.66,92234.8,-74373.14,1.0,908,A,2506.0,0.0
2016-04-30,93,32785.32,74455.81,-41670.49,1.0,235,A,-6410.0,0.0
2016-04-30,94,33240.94,94813.43,-61572.48999999999,1.0,747,C,2247.0,0.0
2016-04-30,95,473.5,171.16,302.34000000000003,0.0,599,D,81.0,0.0
2016-04-30,96,777069.87,90292.41,686777.46,0.0,80,A,93307.0,0.0
2016-04-30,97,70.44,16.14,54.3,0.0,821,B,-1.0,0.0
2016-04-30,98,97.05,44.47,52.58,0.0,145,A,-6.0,0.0
2016-04-30,99,6254.91,9771.3,-3516.3899999999994,1.0,188,C,777.0,0.0
2016-05-31,0,76725.79,38191.18,38534.60999999999,0.0,347,A,5002.0,0.0
2016-05-31,1,865504.1,108204.83,757299.27,0.0,427,B,252407.0,0.0
2016-05-31,2,4882.1,31870.05,-26987.949999999997,1.0,817,A,-1602.0,0.0
2016-05-31,3,7388.58,8631.22,-1242.6399999999994,1.0,771,B,-4379.0,0.0
2016-05-31,4,4908.32,4310.95,597.3699999999999,0.0,445,C,-49.0,0.0
2016-05-31,5,461559.07,350556.73,111002.34000000003,0.0,977,A,183850.0,0.0
2016-05-31,6,90.68,68.19,22.49000000000001,0.0,482,A,8.0,0.0
2016-05-31,7,95.53,61.45,34.08,0.0,108,B,1.0,0.0
2016-05-31,8,41662.92,65794.58,-24131.660000000003,1.0,476,D,-30687.0,0.0
2016-05-31,9,648689.7,301760.86,346928.83999999997,0.0,511,E,84895.0,0.0
2016-05-31,10,170899.38,334006.62,-163107.24,1.0,564,A,65122.0,0.0
2016-05-31,11,373276.75,167109.2,206167.55,0.0,122,A,130170.0,0.0
2016-05-31,12,6291.35,7138.55,-847.1999999999998,1.0,192,C,145.0,0.0
2016-05-31,13,43.25,59.43,-16.18,1.0,656,B,1.0,0.0
2016-05-31,14,242048.2,425679.71,-183631.51,1.0,138,B,152387.0,0.0
2016-05-31,15,999.9,940.66,,0.0,502,B,10.0,0.0
2016-05-31,16,354446.59,388021.34,-33574.75,1.0,349,A,85765.0,0.0
2016-05-31,17,239893.34,230621.3,9272.040000000008,0.0,339,D,63175.0,0.0
2016-05-31,18,333566.84,243305.62,90261.22000000003,0.0,12,A,181348.0,0.0
2016-05-31,19,970.79,133.26,837.53,0.0,947,C,-903.0,0.0
2016-05-31,20,50.21,15.87,34.34,0.0,324,B,-5.0,0.0
2016-05-31,21,16.67,89.39,-72.72,1.0,681,D,-1.0,0.0
2016-05-31,22,977.44,738.25,239.19000000000005,0.0,733,A,14.0,0.0
2016-05-31,23,101263.95,987898.38,-886634.43,1.0,222,B,74222.0,0.0
2016-05-31,24,83.65,,25.67000000000001,0.0,85,D,10.0,0.0
2016-05-31,25,27.65,165.0,-137.35,1.0,186,A,-9.0,0.0
2016-05-31,26,73915.41,3519.1,70396.31,0.0,73,C,-2759.0,0.0
2016-05-31,27,,,,,533,A,,1.0
2016-05-31,28,950815.61,190812.58,760003.03,0.0,109,A,112120.0,0.0
2016-05-31,29,927.37,319.92,607.45,0.0,459,C,75.0,0.0
2016-05-31,30,70656.68,74578.74,-3922.060000000012,1.0,374,A,8914.0,0.0
2016-05-31,31,78576.9,55770.22,22806.679999999993,0.0,379,B,-5710.0,0.0
2016-05-31,32,350741.23,176668.53,174072.69999999998,0.0,263,C,140371.0,0.0
2016-05-31,33,333596.97,172219.39,161377.57999999996,0.0,390,E,191590.0,0.0
2016-05-31,34,,,,,790,E,,1.0
2016-05-31,35,965812.03,173694.47,792117.56,0.0,98,B,151636.0,0.0
2016-05-31,36,91.94,36.48,55.46,0.0,570,E,12.0,0.0
2016-05-31,37,848641.92,223163.06,625478.8600000001,0.0,793,E,242476.0,0.0
2016-05-31,38,892973.32,150528.28,742445.0399999999,0.0,531,B,79562.0,0.0
2016-05-31,39,46901.76,65586.41,-18684.65,1.0,662,B,-4532.0,0.0
2016-05-31,40,80.47,27.17,53.3,0.0,886,A,11.0,0.0
2016-05-31,41,292964.8,104826.1,188138.69999999998,0.0,135,B,148059.0,0.0
2016-05-31,42,7009.47,1698.61,5310.860000000001,0.0,180,A,250.0,0.0
2016-05-31,43,744.61,545.88,198.73000000000002,0.0,549,C,-670.0,0.0
2016-05-31,44,2168.0,5906.54,-3738.54,1.0,415,B,1206.0,0.0
2016-05-31,45,,,,,824,A,,1.0
2016-05-31,46,456.54,990.91,-534.3699999999999,1.0,62,C,-35.0,0.0
2016-05-31,47,7632.72,2523.83,5108.89,0.0,137,C,-226.0,0.0
2016-05-31,48,825.7,816.91,8.790000000000077,0.0,473,B,-57.0,0.0
2016-05-31,49,1085.47,9467.5,-8382.03,1.0,622,C,28.0,0.0
2016-05-31,50,9323.08,8498.82,824.2600000000002,0.0,604,A,-206.0,0.0
2016-05-31,51,877.83,769.28,108.55000000000007,0.0,868,B,-21.0,0.0
2016-05-31,52,455.98,820.7,-364.72,1.0,516,C,-9.0,0.0
2016-05-31,53,,,,,658,B,,1.0
2016-05-31,54,667.47,296.81,370.66,0.0,196,B,128.0,0.0
2016-05-31,55,20649.45,86633.2,-65983.75,1.0,647,C,5999.0,0.0
2016-05-31,56,,,,,676,B,,1.0
2016-05-31,57,914.6,417.48,497.12,0.0,554,E,80.0,0.0
2016-05-31,58,877.26,271.39,605.87,0.0,418,A,42.0,0.0
2016-05-31,59,90.33,16.27,74.06,0.0,631,A,0.0,0.0
2016-05-31,60,11.62,85.06,-73.44,1.0,279,C,-4.0,0.0
2016-05-31,61,7425.56,5860.66,1564.9000000000005,0.0,179,D,845.0,0.0
2016-05-31,62,139459.32,233088.99,-93629.66999999998,1.0,601,B,135385.0,0.0
2016-05-31,63,9215.88,6510.21,2705.669999999999,0.0,92,A,-1009.0,0.0
2016-05-31,64,,167909.16,216978.19999999998,0.0,323,A,41933.0,0.0
2016-05-31,65,209.27,423.27,-213.99999999999997,1.0,859,B,26.0,0.0
2016-05-31,66,877915.87,154108.39,723807.48,0.0,998,A,200968.0,0.0
2016-05-31,67,50598.24,12803.54,37794.7,0.0,216,A,3057.0,0.0
2016-05-31,68,225568.41,346149.13,-120580.72,1.0,338,D,161757.0,0.0
2016-05-31,69,173.67,555.22,-381.55000000000007,1.0,967,C,4.0,0.0
2016-05-31,70,8051.83,6783.55,1268.2799999999997,0.0,848,C,815.0,0.0
2016-05-31,71,402.1,286.51,115.59000000000003,0.0,166,C,73.0,0.0
2016-05-31,72,867794.75,179603.09,688191.66,0.0,731,D,166458.0,0.0
2016-05-31,73,95389.76,18372.54,77017.22,0.0,747,A,21955.0,0.0
2016-05-31,74,59432.17,99097.97,-39665.8,1.0,914,B,-32949.0,0.0
2016-05-31,75,3185.9,1027.35,2158.55,,12,C,1480.0,0.0
2016-05-31,76,86220.66,1591.32,84629.34,0.0,405,B,10917.0,0.0
2016-05-31,77,,,,,235,D,,1.0
2016-05-31,78,37192.38,33314.66,3877.719999999994,0.0,886,A,-1611.0,0.0
2016-05-31,79,455.86,428.1,27.75999999999999,0.0,193,B,-36.0,0.0
2016-05-31,80,352.41,153.9,198.51000000000002,0.0,470,A,71.0,0.0
2016-05-31,81,7125.92,1034.45,6091.47,0.0,223,B,1512.0,0.0
2016-05-31,82,37150.77,72552.1,-35401.33000000001,1.0,605,C,-7114.0,0.0
2016-05-31,83,803.24,641.91,161.33000000000004,0.0,508,B,113.0,0.0
2016-05-31,84,237.83,976.29,-738.4599999999999,1.0,630,B,-36.0,0.0
2016-05-31,85,361.67,398.15,-36.47999999999996,1.0,103,A,133.0,0.0
2016-05-31,86,278293.55,277624.28,669.2699999999604,0.0,43,B,185374.0,0.0
2016-05-31,87,511077.08,280308.91,230768.17000000004,0.0,578,C,69286.0,0.0
2016-05-31,88,22540.43,93275.15,-70734.72,1.0,112,B,529.0,0.0
2016-05-31,89,378.62,730.86,-352.24,1.0,815,A,156.0,0.0
2016-05-31,90,937718.48,221410.87,716307.61,0.0,529,A,244283.0,0.0
2016-05-31,91,560533.1,467382.89,93150.20999999996,0.0,463,A,168391.0,0.0
2016-05-31,92,79033.96,73829.68,5204.280000000013,0.0,908,A,2489.0,0.0
2016-05-31,93,21890.3,35859.91,-13969.610000000004,1.0,235,A,-9508.0,0.0
2016-05-31,94,58703.39,19539.63,39163.759999999995,0.0,747,C,3029.0,0.0
2016-05-31,95,911.37,440.0,471.37,0.0,599,D,128.0,0.0
2016-05-31,96,690819.75,434150.9,256668.84999999998,0.0,80,A,118974.0,0.0
2016-05-31,97,68.52,21.58,46.94,0.0,821,B,3.0,0.0
2016-05-31,98,56.3,27.47,28.83,0.0,145,A,-3.0,0.0
2016-05-31,99,7558.43,9253.95,-1695.5200000000004,1.0,188,C,927.0,0.0
2016-06-30,0,32730.49,46824.84,-14094.349999999995,1.0,347,A,3592.0,0.0
2016-06-30,1,140725.2,441199.4,-300474.2,1.0,427,B,288502.0,0.0
2016-06-30,2,5436.92,6266.02,-829.1000000000004,1.0,817,A,-2569.0,0.0
2016-06-30,3,6621.9,7215.2,-593.3000000000002,1.0,771,B,-4439.0,0.0
2016-06-30,4,2989.41,513.14,2476.27,0.0,445,C,199.0,0.0
2016-06-30,5,104928.74,312607.87,-207679.13,1.0,977,A,228313.0,0.0
2016-06-30,6,35.24,127.35,-92.10999999999999,1.0,482,A,7.0,0.0
2016-06-30,7,41.97,4.47,37.5,0.0,108,B,5.0,0.0
2016-06-30,8,36491.97,65884.59,-29392.619999999995,1.0,476,D,-47009.0,0.0
2016-06-30,9,468880.85,383901.21,84979.63999999996,0.0,511,E,93393.0,0.0
2016-06-30,10,991778.79,281544.41,710234.3800000001,0.0,564,A,88816.0,0.0
2016-06-30,11,992759.76,368839.74,623920.02,0.0,122,A,192562.0,0.0
2016-06-30,12,3096.64,7941.77,-4845.130000000001,1.0,192,C,31.0,0.0
2016-06-30,13,96.94,5.93,91.00999999999999,0.0,656,B,8.0,0.0
2016-06-30,14,158429.9,154943.86,3486.040000000008,0.0,138,B,188482.0,0.0
2016-06-30,15,504.23,939.66,-435.42999999999995,1.0,502,B,-20.0,0.0
2016-06-30,16,212369.83,370842.39,-158472.56000000003,1.0,349,A,86465.0,0.0
2016-06-30,17,814559.81,171585.36,642974.4500000001,0.0,339,D,103155.0,0.0
2016-06-30,18,966266.69,404602.53,561664.1599999999,0.0,12,A,249480.0,0.0
2016-06-30,19,,,,,947,C,,1.0
2016-06-30,20,15.8,54.92,-39.120000000000005,1.0,324,B,-9.0,0.0
2016-06-30,21,66.86,55.4,11.46,0.0,681,D,-2.0,0.0
2016-06-30,22,937.98,539.19,398.78999999999996,0.0,733,A,43.0,0.0
2016-06-30,23,293184.8,162123.58,131061.22,0.0,222,B,85328.0,0.0
2016-06-30,24,98.13,8.83,89.3,0.0,85,D,19.0,0.0
2016-06-30,25,49.05,34.39,14.659999999999997,0.0,186,A,-13.0,0.0
2016-06-30,26,21946.98,29334.96,-7387.98,1.0,73,C,-3498.0,0.0
2016-06-30,27,,,,,533,A,,1.0
2016-06-30,28,640791.25,200948.53,439842.72,0.0,109,A,156105.0,0.0
2016-06-30,29,255.96,318.23,-62.27000000000001,,459,C,68.0,0.0
2016-06-30,30,21528.89,89121.97,-67593.08,1.0,374,A,7998.0,0.0
2016-06-30,31,53838.12,20433.68,33404.44,0.0,379,B,-2369.0,0.0
2016-06-30,32,307096.65,363542.98,-56446.32999999996,1.0,263,C,160341.0,0.0
2016-06-30,33,469102.4,477726.83,-8624.429999999993,1.0,390,E,242825.0,0.0
2016-06-30,34,,,,,790,E,,1.0
2016-06-30,35,175405.87,245424.57,-70018.70000000001,1.0,98,B,172492.0,0.0
2016-06-30,36,61.4,53.35,8.049999999999997,0.0,570,E,13.0,0.0
2016-06-30,37,114677.02,196248.67,-81571.65000000001,1.0,793,E,287689.0,0.0
2016-06-30,38,380519.48,294026.72,86492.76000000001,0.0,531,B,88211.0,0.0
2016-06-30,39,90743.51,29462.38,61281.12999999999,0.0,662,B,-1946.0,0.0
2016-06-30,40,16.61,32.28,-15.670000000000002,1.0,886,A,13.0,0.0
2016-06-30,41,288757.97,496355.08,-207597.11000000004,1.0,135,B,150675.0,0.0
2016-06-30,42,6487.74,3331.08,3156.66,0.0,180,A,565.0,0.0
2016-06-30,43,697.18,802.98,-105.80000000000007,1.0,549,C,-735.0,0.0
2016-06-30,44,9947.77,8540.44,1407.33,0.0,415,B,1423.0,0.0
2016-06-30,45,,,,,824,A,,1.0
2016-06-30,46,415.0,16.32,398.68,0.0,62,C,-4.0,0.0
2016-06-30,47,,,,,137,C,,1.0
2016-06-30,48,176.8,836.56,-659.76,1.0,473,B,-114.0,0.0
2016-06-30,49,8067.41,9578.26,-1510.8500000000004,1.0,622,C,-230.0,0.0
2016-06-30,50,,2841.53,5667.75,0.0,604,A,361.0,0.0
2016-06-30,51,127.09,25.66,101.43,0.0,868,B,-10.0,0.0
2016-06-30,52,413.78,453.08,-39.30000000000001,1.0,516,C,-21.0,0.0
2016-06-30,53,,,,,658,B,,1.0
2016-06-30,54,198.41,798.82,,1.0,196,B,123.0,0.0
2016-06-30,55,41662.14,12103.69,29558.449999999997,0.0,647,C,7293.0,0.0
2016-06-30,56,,,,,676,B,,1.0
2016-06-30,57,925.49,601.71,323.78,0.0,554,E,112.0,0.0
2016-06-30,58,688.55,3882.32,-3193.7700000000004,1.0,418,A,-80.0,0.0
2016-06-30,59,65.56,60.45,5.109999999999999,0.0,631,A,1.0,0.0
2016-06-30,60,52.05,36.22,15.829999999999998,0.0,279,C,-8.0,0.0
2016-06-30,61,9168.46,,4994.879999999999,0.0,179,D,1345.0,0.0
2016-06-30,62,450585.42,391616.85,58968.57000000001,0.0,601,B,169749.0,0.0
2016-06-30,63,3227.89,3841.76,-613.8700000000003,1.0,92,A,-1070.0,0.0
2016-06-30,64,281349.64,189352.97,91996.67000000001,0.0,323,A,51133.0,0.0
2016-06-30,65,982.48,304.63,677.85,0.0,859,B,94.0,0.0
2016-06-30,66,626979.45,537238.78,89740.66999999993,0.0,998,A,209942.0,0.0
2016-06-30,67,28808.93,60597.28,-31788.35,1.0,216,A,238.0,0.0
2016-06-30,68,549958.93,301458.37,248500.56000000006,0.0,338,D,215772.0,0.0
2016-06-30,69,130.28,724.45,-594.1700000000001,1.0,967,C,-25.0,0.0
2016-06-30,70,4987.53,2807.76,2179.7699999999995,0.0,848,C,1092.0,0.0
2016-06-30,71,558.66,542.42,16.24000000000001,0.0,166,C,76.0,0.0
2016-06-30,72,325989.89,315693.11,10296.780000000028,0.0,731,D,172368.0,0.0
2016-06-30,73,46817.91,22931.35,23886.560000000005,0.0,747,A,26277.0,0.0
2016-06-30,74,23139.46,62339.31,-39199.85,1.0,914,B,-36869.0,0.0
2016-06-30,75,2104.69,1220.89,883.8,0.0,12,C,1569.0,0.0
2016-06-30,76,21090.98,32977.77,-11886.789999999997,1.0,405,B,9898.0,0.0
2016-06-30,77,,,,,235,D,,1.0
2016-06-30,78,43588.48,29048.88,14539.600000000002,0.0,886,A,-157.0,0.0
2016-06-30,79,346.46,7397.24,-7050.78,1.0,193,B,-278.0,0.0
2016-06-30,80,997.59,136.73,860.86,0.0,470,A,157.0,0.0
2016-06-30,81,6697.98,3102.83,3595.1499999999996,0.0,223,B,1871.0,0.0
2016-06-30,82,,,,,605,C,,1.0
2016-06-30,83,451.24,527.4,-76.15999999999997,1.0,508,B,141.0,0.0
2016-06-30,84,685.93,868.61,-182.68000000000006,1.0,630,B,-65.0,0.0
2016-06-30,85,132.66,746.91,-614.25,1.0,103,A,151.0,0.0
2016-06-30,86,501638.0,208076.59,293561.41000000003,0.0,43,B,236562.0,0.0
2016-06-30,87,362823.26,310087.0,52736.26000000001,0.0,578,C,74560.0,0.0
2016-06-30,88,48850.81,36831.05,12019.759999999995,0.0,112,B,-311.0,0.0
2016-06-30,89,821.52,838.59,-17.07000000000005,1.0,815,A,190.0,0.0
2016-06-30,90,113903.48,385548.77,-271645.29000000004,1.0,529,A,273708.0,0.0
2016-06-30,91,317560.68,481971.04,-164410.36,1.0,463,A,212758.0,0.0
2016-06-30,92,93527.1,25591.02,67936.08,0.0,908,A,6735.0,0.0
2016-06-30,93,86854.96,95990.85,-9135.89,1.0,235,A,-11239.0,0.0
2016-06-30,94,74501.36,33292.55,41208.81,0.0,747,C,6727.0,0.0
2016-06-30,95,782.04,611.34,170.69999999999993,0.0,599,D,159.0,0.0
2016-06-30,96,494677.19,255272.22,239404.97,0.0,80,A,142914.0,0.0
2016-06-30,97,76.97,75.67,1.2999999999999972,0.0,821,B,3.0,0.0
2016-06-30,98,40.72,76.46,-35.739999999999995,1.0,145,A,-7.0,0.0
2016-06-30,99,9354.6,4159.01,5195.59,0.0,188,C,1265.0,0.0
2016-07-31,0,70157.68,50650.57,19507.109999999993,0.0,347,A,5543.0,0.0
2016-07-31,1,778746.32,407892.51,370853.80999999994,0.0,427,B,366336.0,0.0
2016-07-31,2,8931.55,657.8,8273.75,0.0,817,A,-2396.0,0.0
2016-07-31,3,9630.09,5808.12,3821.9700000000003,0.0,771,B,-4056.0,0.0
2016-07-31,4,4231.23,3029.91,1201.3199999999997,0.0,445,C,319.0,0.0
2016-07-31,5,839502.88,181560.84,657942.04,0.0,977,A,292514.0,0.0
2016-07-31,6,88.46,48.9,39.559999999999995,0.0,482,A,8.0,0.0
2016-07-31,7,77.18,14.42,62.760000000000005,0.0,108,B,11.0,0.0
2016-07-31,8,29589.92,,-42877.490000000005,1.0,476,D,-58696.0,0.0
2016-07-31,9,366647.85,387498.3,-20850.45000000001,1.0,511,E,116766.0,0.0
2016-07-31,10,260187.53,360345.77,-100158.24000000002,1.0,564,A,109506.0,0.0
2016-07-31,11,306086.0,257813.46,48272.54000000001,0.0,122,A,231132.0,0.0
2016-07-31,12,6530.84,6089.16,441.6800000000003,0.0,192,C,-70.0,0.0
2016-07-31,13,42.53,28.02,14.510000000000002,0.0,656,B,9.0,0.0
2016-07-31,14,494099.29,225880.22,268219.06999999995,0.0,138,B,232624.0,0.0
2016-07-31,15,,,,,502,B,,1.0
2016-07-31,16,908277.22,226028.9,682248.32,0.0,349,A,138142.0,0.0
2016-07-31,17,945321.13,325610.4,619710.73,0.0,339,D,165126.0,0.0
2016-07-31,18,160954.91,426322.45,-265367.54000000004,1.0,12,A,309650.0,0.0
2016-07-31,19,,,,,947,C,,1.0
2016-07-31,20,82.33,45.8,36.53,0.0,324,B,-5.0,0.0
2016-07-31,21,57.21,73.5,-16.29,1.0,681,D,-4.0,0.0
2016-07-31,22,948.73,1382.12,-433.3899999999999,1.0,733,A,27.0,0.0
2016-07-31,23,382360.11,167403.68,214956.43,0.0,222,B,102883.0,0.0
2016-07-31,24,79.68,81.71,-2.029999999999987,1.0,85,D,21.0,0.0
2016-07-31,25,29.59,7.25,22.34,0.0,186,A,-11.0,0.0
2016-07-31,26,54813.88,83113.23,-28299.35,1.0,73,C,-6327.0,0.0
2016-07-31,27,,,,,533,A,,1.0
2016-07-31,28,590928.51,215752.77,375175.74,0.0,109,A,193622.0,0.0
2016-07-31,29,578.7,928.51,-349.80999999999995,1.0,459,C,60.0,0.0
2016-07-31,30,38620.89,187754.5,-149133.61,1.0,374,A,2609.0,0.0
2016-07-31,31,,,,,379,B,,1.0
2016-07-31,32,971017.39,155616.04,815401.35,0.0,263,C,225221.0,0.0
2016-07-31,33,153835.35,151920.39,1914.9599999999919,0.0,390,E,294117.0,0.0
2016-07-31,34,,,,,790,E,,1.0
2016-07-31,35,473803.18,123406.22,350396.95999999996,0.0,98,B,226395.0,0.0
2016-07-31,36,78.37,71.02,7.3500000000000085,0.0,570,E,17.0,0.0
2016-07-31,37,,156083.99,619934.79,0.0,793,E,376582.0,0.0
2016-07-31,38,757786.8,254266.8,503520.00000000006,0.0,531,B,138563.0,0.0
2016-07-31,39,,,,,662,B,,1.0
2016-07-31,40,60.41,69.26,-8.850000000000009,1.0,886,A,16.0,0.0
2016-07-31,41,721556.05,453120.76,268435.29000000004,0.0,135,B,196918.0,0.0
2016-07-31,42,8645.76,6264.42,2381.34,0.0,180,A,803.0,0.0
2016-07-31,43,132.4,318.08,-185.67999999999998,1.0,549,C,-753.0,0.0
2016-07-31,44,7454.43,7002.35,452.0799999999999,0.0,415,B,1654.0,0.0
2016-07-31,45,,,,,824,A,,1.0
2016-07-31,46,705.1,439.37,265.73,0.0,62,C,23.0,0.0
2016-07-31,47,,,,,137,C,,1.0
2016-07-31,48,103.57,22.93,80.63999999999999,0.0,473,B,-115.0,0.0
2016-07-31,49,1775.02,1020.06,754.96,0.0,622,C,-465.0,0.0
2016-07-31,50,7192.88,3496.03,3696.85,0.0,604,A,730.0,0.0
2016-07-31,51,890.37,993.53,-103.15999999999997,1.0,868,B,-21.0,0.0
2016-07-31,52,857.74,238.65,619.09,0.0,516,C,24.0,0.0
2016-07-31,53,,,,,658,B,,1.0
2016-07-31,54,877.52,298.88,578.64,0.0,196,B,160.0,0.0
2016-07-31,55,54298.76,50277.73,4021.029999999999,0.0,647,C,8708.0,0.0
2016-07-31,56,,,,,676,B,,1.0
2016-07-31,57,514.1,6193.11,-5679.009999999999,1.0,554,E,-92.0,0.0
2016-07-31,58,742.42,561.64,180.77999999999997,0.0,418,A,-158.0,0.0
2016-07-31,59,77.66,97.68,-20.02000000000001,1.0,631,A,-1.0,0.0
2016-07-31,60,56.9,78.92,-22.020000000000003,1.0,279,C,-12.0,0.0
2016-07-31,61,4255.12,8646.67,-4391.55,1.0,179,D,1196.0,0.0
2016-07-31,62,964404.67,412871.63,551533.04,0.0,601,B,220658.0,0.0
2016-07-31,63,3596.62,5592.41,-1995.79,1.0,92,A,-1270.0,0.0
2016-07-31,64,169459.67,171947.69,-2488.0199999999895,1.0,323,A,50884.0,0.0
2016-07-31,65,976.9,509.11,467.78999999999996,0.0,859,B,140.0,0.0
2016-07-31,66,854756.17,382900.97,471855.20000000007,0.0,998,A,285092.0,0.0
2016-07-31,67,29140.33,55366.61,-26226.28,1.0,216,A,-585.0,0.0
2016-07-31,68,302417.78,381104.68,-78686.89999999997,,338,D,267427.0,0.0
2016-07-31,69,759.11,422.72,336.39,0.0,967,C,-45.0,0.0
2016-07-31,70,9004.2,9918.34,-914.1399999999994,1.0,848,C,1342.0,0.0
2016-07-31,71,149.17,292.9,-143.73,1.0,166,C,94.0,0.0
2016-07-31,72,731181.85,119893.07,611288.78,0.0,731,D,240953.0,0.0
2016-07-31,73,51752.26,26903.49,24848.77,0.0,747,A,34326.0,0.0
2016-07-31,74,68525.44,55285.86,13239.580000000002,0.0,914,B,-35545.0,0.0
2016-07-31,75,2119.61,8727.31,-6607.699999999999,1.0,12,C,1597.0,0.0
2016-07-31,76,25965.75,88525.06,-62559.31,1.0,405,B,10940.0,0.0
2016-07-31,77,,,,,235,D,,1.0
2016-07-31,78,74712.21,67014.21,7698.0,0.0,886,A,612.0,0.0
2016-07-31,79,868.7,754.59,114.11000000000001,0.0,193,B,-497.0,0.0
2016-07-31,80,908.9,362.23,546.67,0.0,470,A,212.0,0.0
2016-07-31,81,5866.96,9542.65,-3675.6899999999996,1.0,223,B,2203.0,0.0
2016-07-31,82,,,,,605,C,,1.0
2016-07-31,83,944.92,765.13,179.78999999999996,0.0,508,B,174.0,0.0
2016-07-31,84,415.25,91.74,323.51,0.0,630,B,-66.0,0.0
2016-07-31,85,704.82,288.07,416.75000000000006,0.0,103,A,182.0,0.0
2016-07-31,86,245482.08,485280.9,-239798.82000000004,1.0,43,B,280557.0,0.0
2016-07-31,87,220107.35,412892.5,-192785.15,1.0,578,C,68487.0,0.0
2016-07-31,88,,,,,112,B,,1.0
2016-07-31,89,830.51,417.71,412.8,0.0,815,A,237.0,0.0
2016-07-31,90,653655.41,386601.02,267054.39,0.0,529,A,346855.0,0.0
2016-07-31,91,883502.44,126746.71,756755.73,0.0,463,A,279828.0,0.0
2016-07-31,92,64286.5,59888.2,4398.300000000003,0.0,908,A,7175.0,0.0
2016-07-31,93,11409.97,25958.46,-14548.49,1.0,235,A,-12694.0,0.0
2016-07-31,94,81427.26,27897.05,53530.20999999999,0.0,747,C,12080.0,0.0
2016-07-31,95,293.08,653.38,-360.3,1.0,599,D,191.0,0.0
2016-07-31,96,644592.45,633992.69,10599.76000000001,0.0,80,A,172433.0,0.0
2016-07-31,97,75.37,31.49,43.88000000000001,0.0,821,B,8.0,0.0
2016-07-31,98,28.22,42.37,,1.0,145,A,-8.0,0.0
2016-07-31,99,9050.6,5745.0,3305.6000000000004,0.0,188,C,1702.0,0.0
2016-08-31,0,35737.63,59274.85,-23537.22,1.0,347,A,4593.0,0.0
2016-08-31,1,538561.69,376039.36,162522.32999999996,0.0,427,B,449045.0,0.0
2016-08-31,2,4300.25,8148.36,-3848.1099999999997,1.0,817,A,-2781.0,0.0
2016-08-31,3,,,,,771,B,,1.0
2016-08-31,4,2587.58,5852.34,-3264.76,1.0,445,C,-8.0,0.0
2016-08-31,5,635268.92,497595.78,137673.14,0.0,977,A,360845.0,0.0
2016-08-31,6,96.22,69.07,27.150000000000006,0.0,482,A,9.0,0.0
2016-08-31,7,68.02,23.74,44.28,0.0,108,B,16.0,0.0
2016-08-31,8,81256.14,48825.81,32430.33,0.0,476,D,-55453.0,0.0
2016-08-31,9,975481.91,407138.18,568343.73,0.0,511,E,161208.0,0.0
2016-08-31,10,373767.48,402997.88,-29230.400000000023,1.0,564,A,129318.0,0.0
2016-08-31,11,342211.37,296052.67,46158.70000000001,0.0,122,A,291733.0,0.0
2016-08-31,12,7269.25,7981.58,-712.3299999999999,1.0,192,C,-193.0,0.0
2016-08-31,13,52.91,65.12,-12.210000000000008,1.0,656,B,8.0,0.0
2016-08-31,14,739077.1,468643.91,270433.19,0.0,138,B,284879.0,0.0
2016-08-31,15,,,,,502,B,,1.0
2016-08-31,16,729275.86,177278.53,551997.33,0.0,349,A,193342.0,0.0
2016-08-31,17,182548.5,121895.94,60652.56,0.0,339,D,195017.0,0.0
2016-08-31,18,616375.31,425595.66,190779.65000000008,0.0,12,A,375544.0,0.0
2016-08-31,19,,,,,947,C,,1.0
2016-08-31,20,54.01,47.6,6.409999999999997,0.0,324,B,-5.0,0.0
2016-08-31,21,85.41,95.85,-10.439999999999998,1.0,681,D,-6.0,0.0
2016-08-31,22,838.12,772.33,65.78999999999996,0.0,733,A,29.0,0.0
2016-08-31,23,640683.37,280544.45,360138.92,0.0,222,B,131242.0,0.0
2016-08-31,24,44.21,74.98,-30.770000000000003,1.0,85,D,26.0,0.0
2016-08-31,25,24.44,47.78,-23.34,1.0,186,A,-13.0,0.0
2016-08-31,26,12083.74,50611.83,-38528.090000000004,1.0,73,C,-10180.0,0.0
2016-08-31,27,,,,,533,A,,1.0
2016-08-31,28,206939.55,246615.46,-39675.91,1.0,109,A,189655.0,0.0
2016-08-31,29,864.03,445.93,,0.0,459,C,83.0,0.0
2016-08-31,30,33677.39,32889.7,787.6900000000023,0.0,374,A,-2757.0,0.0
2016-08-31,31,,,,,379,B,,1.0
2016-08-31,32,208234.1,388862.71,-180628.61000000002,1.0,263,C,284682.0,0.0
2016-08-31,33,417875.95,425793.11,-7917.159999999974,1.0,390,E,345172.0,0.0
2016-08-31,34,,,,,790,E,,1.0
2016-08-31,35,416196.65,451291.25,-35094.59999999998,1.0,98,B,279244.0,0.0
2016-08-31,36,75.52,88.18,-12.66000000000001,1.0,570,E,21.0,0.0
2016-08-31,37,628708.89,280453.13,348255.76,0.0,793,E,475924.0,0.0
2016-08-31,38,760695.97,282695.11,478000.86,0.0,531,B,186363.0,0.0
2016-08-31,39,,,,,662,B,,1.0
2016-08-31,40,60.57,,35.99,0.0,886,A,19.0,0.0
2016-08-31,41,376291.99,197355.41,178936.58,0.0,135,B,248529.0,0.0
2016-08-31,42,,,,,180,A,,1.0
2016-08-31,43,540.48,748.88,-208.39999999999998,1.0,549,C,-774.0,0.0
2016-08-31,44,9423.44,3741.98,5681.460000000001,0.0,415,B,2055.0,0.0
2016-08-31,45,,,,,824,A,,1.0
2016-08-31,46,161.12,775.61,-614.49,1.0,62,C,-39.0,0.0
2016-08-31,47,,,,,137,C,,1.0
2016-08-31,48,596.68,248.77,347.90999999999997,0.0,473,B,-80.0,0.0
2016-08-31,49,1508.24,12460.18,-10951.94,1.0,622,C,-1029.0,0.0
2016-08-31,50,3528.14,7552.04,-4023.9,1.0,604,A,328.0,0.0
2016-08-31,51,280.12,879.99,-599.87,1.0,868,B,-54.0,0.0
2016-08-31,52,,,,,516,C,,1.0
2016-08-31,53,,,,,658,B,,1.0
2016-08-31,54,,924.7,-653.79,1.0,196,B,179.0,0.0
2016-08-31,55,59451.19,38807.54,20643.65,0.0,647,C,10742.0,0.0
2016-08-31,56,,,,,676,B,,1.0
2016-08-31,57,505.24,104.67,400.57,0.0,554,E,-217.0,0.0
2016-08-31,58,123.39,789.52,-666.13,1.0,418,A,-255.0,0.0
2016-08-31,59,89.72,75.5,14.219999999999999,0.0,631,A,0.0,0.0
2016-08-31,60,63.75,85.19,-21.439999999999998,1.0,279,C,-16.0,0.0
2016-08-31,61,4078.22,2352.43,1725.79,0.0,179,D,1520.0,0.0
2016-08-31,62,717745.36,218565.81,499179.55,0.0,601,B,286543.0,0.0
2016-08-31,63,6693.79,9798.08,-3104.29,1.0,92,A,-1580.0,0.0
2016-08-31,64,315618.17,353556.62,-37938.45000000001,1.0,323,A,47090.0,0.0
2016-08-31,65,351.51,172.96,178.54999999999998,0.0,859,B,158.0,0.0
2016-08-31,66,296717.13,104914.02,191803.11,0.0,998,A,367984.0,0.0
2016-08-31,67,91788.61,368390.62,-276602.01,1.0,216,A,-9706.0,0.0
2016-08-31,68,404775.53,192311.89,212463.64,0.0,338,D,325455.0,0.0
2016-08-31,69,511.03,75.72,435.30999999999995,0.0,967,C,-21.0,0.0
2016-08-31,70,4652.76,1263.72,3389.04,0.0,848,C,1693.0,0.0
2016-08-31,71,732.9,324.3,408.59999999999997,0.0,166,C,124.0,0.0
2016-08-31,72,812833.21,364842.01,447991.19999999995,0.0,731,D,322977.0,0.0
2016-08-31,73,99738.5,43028.58,56709.92,0.0,747,A,44076.0,0.0
2016-08-31,74,19396.33,1971.46,17424.870000000003,0.0,914,B,-33803.0,0.0
2016-08-31,75,9217.22,9794.6,-577.380000000001,1.0,12,C,1852.0,0.0
2016-08-31,76,86481.71,5668.49,80813.22,0.0,405,B,14406.0,0.0
2016-08-31,77,,,,,235,D,,1.0
2016-08-31,78,35795.21,33513.78,2281.4300000000003,0.0,886,A,840.0,0.0
2016-08-31,79,838.21,711.86,126.35000000000002,0.0,193,B,-712.0,0.0
2016-08-31,80,534.09,121.56,412.53000000000003,0.0,470,A,253.0,0.0
2016-08-31,81,6940.01,2514.63,4425.38,0.0,223,B,2787.0,0.0
2016-08-31,82,,,,,605,C,,1.0
2016-08-31,83,311.87,213.56,98.31,0.0,508,B,210.0,0.0
2016-08-31,84,,,,,630,B,,1.0
2016-08-31,85,156.3,215.33,-59.03,1.0,103,A,211.0,0.0
2016-08-31,86,902752.13,161657.75,741094.38,0.0,43,B,346784.0,0.0
2016-08-31,87,,,,,578,C,,1.0
2016-08-31,88,,,,,112,B,,1.0
2016-08-31,89,573.68,749.51,-175.83000000000004,1.0,815,A,278.0,0.0
2016-08-31,90,596011.05,302626.45,293384.60000000003,0.0,529,A,428804.0,0.0
2016-08-31,91,586613.38,300635.04,285978.34,0.0,463,A,355477.0,0.0
2016-08-31,92,40073.04,77546.03,-37472.99,1.0,908,A,7690.0,0.0
2016-08-31,93,66555.89,95587.38,-29031.490000000005,1.0,235,A,-15597.0,0.0
2016-08-31,94,37613.3,91125.08,-53511.78,1.0,747,C,10690.0,0.0
2016-08-31,95,165.04,441.65,-276.61,,599,D,216.0,0.0
2016-08-31,96,859532.5,35617.13,823915.37,0.0,80,A,240343.0,0.0
2016-08-31,97,42.52,66.11,-23.589999999999996,1.0,821,B,6.0,0.0
2016-08-31,98,23.64,4.97,18.67,0.0,145,A,-6.0,0.0
2016-08-31,99,1183.95,1336.34,-152.38999999999987,1.0,188,C,2135.0,0.0
2016-09-30,0,52268.12,47730.69,4537.43,0.0,347,A,5686.0,0.0
2016-09-30,1,676476.71,467846.79,208629.91999999998,0.0,427,B,538013.0,0.0
2016-09-30,2,2026.45,2399.78,-373.33000000000015,1.0,817,A,-2818.0,0.0
2016-09-30,3,,,,,771,B,,1.0
2016-09-30,4,2280.58,6313.45,-4032.87,1.0,445,C,-235.0,0.0
2016-09-30,5,554174.33,377741.44,176432.88999999996,0.0,977,A,434469.0,0.0
2016-09-30,6,95.06,51.29,43.77,0.0,482,A,12.0,0.0
2016-09-30,7,47.18,52.17,-4.990000000000002,1.0,108,B,15.0,0.0
2016-09-30,8,81452.77,92631.43,-11178.659999999989,1.0,476,D,-56571.0,0.0
2016-09-30,9,685221.16,424219.98,261001.18000000005,0.0,511,E,213481.0,0.0
2016-09-30,10,600549.85,197405.2,403144.64999999997,0.0,564,A,161225.0,0.0
2016-09-30,11,393129.78,153868.47,239261.31000000003,0.0,122,A,359513.0,0.0
2016-09-30,12,1747.23,1464.22,283.01,0.0,192,C,-306.0,0.0
2016-09-30,13,36.4,4.2,32.199999999999996,0.0,656,B,12.0,0.0
2016-09-30,14,661668.78,373791.18,287877.60000000003,0.0,138,B,345770.0,0.0
2016-09-30,15,,,,,502,B,,1.0
2016-09-30,16,,143904.78,195785.42,0.0,349,A,249786.0,0.0
2016-09-30,17,699544.81,440334.33,259210.48000000004,0.0,339,D,254151.0,0.0
2016-09-30,18,452812.75,133717.58,319095.17000000004,0.0,12,A,451011.0,0.0
2016-09-30,19,,,,,947,C,,1.0
2016-09-30,20,21.74,62.93,-41.19,1.0,324,B,-9.0,0.0
2016-09-30,21,39.16,7.99,31.169999999999995,0.0,681,D,-4.0,0.0
2016-09-30,22,681.23,292.81,388.42,0.0,733,A,45.0,0.0
2016-09-30,23,193757.35,342980.67,-149223.31999999998,1.0,222,B,155124.0,0.0
2016-09-30,24,,,,,85,D,,1.0
2016-09-30,25,36.21,78.49,-42.279999999999994,1.0,186,A,-17.0,0.0
2016-09-30,26,90817.98,59871.98,30945.999999999993,0.0,73,C,-7086.0,0.0
2016-09-30,27,,,,,533,A,,1.0
2016-09-30,28,337417.8,119184.15,218233.65,0.0,109,A,249815.0,0.0
2016-09-30,29,946.94,104.03,842.9100000000001,0.0,459,C,160.0,0.0
2016-09-30,30,15371.13,80065.13,-64694.00000000001,1.0,374,A,-10064.0,0.0
2016-09-30,31,,,,,379,B,,1.0
2016-09-30,32,407631.39,285024.48,122606.91000000003,0.0,263,C,347821.0,0.0
2016-09-30,33,,,,,390,E,,1.0
2016-09-30,34,,,,,790,E,,1.0
2016-09-30,35,935190.06,334347.25,600842.81,0.0,98,B,350119.0,0.0
2016-09-30,36,78.15,68.04,10.11,0.0,570,E,25.0,0.0
2016-09-30,37,999405.64,597404.38,402001.26,0.0,793,E,587325.0,0.0
2016-09-30,38,690557.7,282323.67,408234.02999999997,0.0,531,B,227186.0,0.0
2016-09-30,39,,,,,662,B,,1.0
2016-09-30,40,37.5,30.4,7.100000000000001,0.0,886,A,22.0,0.0
2016-09-30,41,110739.05,376821.58,-266082.53,1.0,135,B,292157.0,0.0
2016-09-30,42,,,,,180,A,,1.0
2016-09-30,43,476.48,571.57,-95.09000000000003,1.0,549,C,-784.0,0.0
2016-09-30,44,1497.53,2106.87,-609.3399999999999,1.0,415,B,2437.0,0.0
2016-09-30,45,,,,,824,A,,1.0
2016-09-30,46,836.07,882.1,-46.02999999999997,1.0,62,C,-43.0,0.0
2016-09-30,47,,,,,137,C,,1.0
2016-09-30,48,700.68,661.71,38.969999999999914,0.0,473,B,-76.0,0.0
2016-09-30,49,7888.52,5514.31,2374.21,0.0,622,C,-1521.0,0.0
2016-09-30,50,9770.41,4248.01,5522.4,0.0,604,A,880.0,0.0
2016-09-30,51,416.16,248.82,167.34000000000003,0.0,868,B,-64.0,0.0
2016-09-30,52,,,,,516,C,,1.0
2016-09-30,53,,,,,658,B,,1.0
2016-09-30,54,625.08,9953.19,-9328.11,1.0,196,B,-83.0,0.0
2016-09-30,55,59852.54,1458.68,58393.86,0.0,647,C,14528.0,0.0
2016-09-30,56,,,,,676,B,,1.0
2016-09-30,57,876.51,889.65,-13.139999999999986,1.0,554,E,-342.0,0.0
2016-09-30,58,199.27,380.32,-181.04999999999998,1.0,418,A,-344.0,0.0
2016-09-30,59,,,,,631,A,,1.0
2016-09-30,60,22.07,64.69,-42.62,1.0,279,C,-20.0,0.0
2016-09-30,61,8559.73,2392.76,6166.969999999999,0.0,179,D,2028.0,0.0
2016-09-30,62,279116.61,329460.71,-50344.100000000035,1.0,601,B,350918.0,0.0
2016-09-30,63,4436.91,6521.03,-2084.12,1.0,92,A,-1789.0,0.0
2016-09-30,64,404073.33,142272.47,261800.86000000002,0.0,323,A,73270.0,0.0
2016-09-30,65,274.61,851.42,-576.81,1.0,859,B,174.0,0.0
2016-09-30,66,852361.83,217919.94,634441.8899999999,0.0,998,A,469910.0,0.0
2016-09-30,67,14512.33,9350.7,5161.629999999999,0.0,216,A,-18673.0,0.0
2016-09-30,68,632016.38,133338.08,498678.30000000005,0.0,338,D,398444.0,0.0
2016-09-30,69,743.51,905.97,-162.46000000000004,1.0,967,C,-37.0,0.0
2016-09-30,70,6958.82,1913.55,5045.2699999999995,0.0,848,C,2195.0,0.0
2016-09-30,71,706.22,440.99,265.23,0.0,166,C,163.0,0.0
2016-09-30,72,452984.47,474647.86,-21663.390000000014,1.0,731,D,404352.0,0.0
2016-09-30,73,63403.87,27592.99,35810.880000000005,0.0,747,A,54900.0,0.0
2016-09-30,74,52506.44,8499.28,44007.16,0.0,914,B,-29402.0,0.0
2016-09-30,75,7410.54,743.45,6667.09,0.0,12,C,2307.0,0.0
2016-09-30,76,91190.89,75565.83,15625.059999999998,0.0,405,B,18340.0,0.0
2016-09-30,77,,,,,235,D,,1.0
2016-09-30,78,69115.44,70088.16,-972.7200000000012,1.0,886,A,743.0,0.0
2016-09-30,79,378.3,970.4,-592.0999999999999,1.0,193,B,-776.0,0.0
2016-09-30,80,640.95,426.38,214.57000000000005,,470,A,312.0,0.0
2016-09-30,81,7492.36,1689.18,5803.179999999999,0.0,223,B,3544.0,0.0
2016-09-30,82,,,,,605,C,,1.0
2016-09-30,83,,,,,508,B,,1.0
2016-09-30,84,,,,,630,B,,1.0
2016-09-30,85,853.86,949.5,-95.63999999999999,1.0,103,A,237.0,0.0
2016-09-30,86,797411.9,115827.98,681583.92,0.0,43,B,433459.0,0.0
2016-09-30,87,,,,,578,C,,1.0
2016-09-30,88,,,,,112,B,,1.0
2016-09-30,89,474.52,639.71,-165.19000000000005,1.0,815,A,314.0,0.0
2016-09-30,90,744278.41,337453.24,406825.17000000004,0.0,529,A,522957.0,0.0
2016-09-30,91,939700.69,497379.95,442320.73999999993,0.0,463,A,444395.0,0.0
2016-09-30,92,67710.65,66044.32,1666.3299999999872,0.0,908,A,8768.0,0.0
2016-09-30,93,,,,,235,A,,1.0
2016-09-30,94,35321.7,12293.99,23027.71,0.0,747,C,13399.0,0.0
2016-09-30,95,321.95,968.78,-646.8299999999999,1.0,599,D,221.0,0.0
2016-09-30,96,818960.7,376378.06,442582.63999999996,0.0,80,A,321530.0,0.0
2016-09-30,97,50.03,36.4,,0.0,821,B,7.0,0.0
2016-09-30,98,77.56,343.47,-265.91,1.0,145,A,-28.0,0.0
2016-09-30,99,3734.07,9564.67,-5830.6,1.0,188,C,2393.0,0.0
2016-10-31,0,47619.27,13391.94,34227.329999999994,0.0,347,A,7806.0,0.0
2016-10-31,1,261382.56,192298.86,69083.70000000001,0.0,427,B,629053.0,0.0
2016-10-31,2,7014.69,6271.61,743.0799999999999,0.0,817,A,-2744.0,0.0
2016-10-31,3,,,,,771,B,,1.0
2016-10-31,4,3021.21,3766.76,-745.5500000000002,1.0,445,C,-381.0,0.0
2016-10-31,5,879380.04,268491.91,610888.1300000001,0.0,977,A,526420.0,0.0
2016-10-31,6,53.33,46.52,6.809999999999995,0.0,482,A,15.0,0.0
2016-10-31,7,20.64,60.56,-39.92,1.0,108,B,15.0,0.0
2016-10-31,8,32170.53,48855.18,-16684.65,1.0,476,D,-58240.0,0.0
2016-10-31,9,,,,,511,E,,1.0
2016-10-31,10,427151.81,144396.23,282755.57999999996,0.0,564,A,201615.0,0.0
2016-10-31,11,428801.94,188808.0,239993.94,0.0,122,A,434492.0,0.0
2016-10-31,12,1526.85,7264.1,-5737.25,1.0,192,C,-592.0,0.0
2016-10-31,13,55.89,24.73,31.16,0.0,656,B,16.0,0.0
2016-10-31,14,547209.77,318296.22,228913.55000000005,0.0,138,B,413529.0,0.0
2016-10-31,15,,,,,502,B,,1.0
2016-10-31,16,429038.27,465934.27,-36896.0,1.0,349,A,312556.0,0.0
2016-10-31,17,585558.07,498847.8,86710.26999999996,0.0,339,D,315886.0,0.0
2016-10-31,18,359165.55,420179.57,-61014.02000000002,1.0,12,A,524647.0,0.0
2016-10-31,19,,,,,947,C,,1.0
2016-10-31,20,46.31,28.49,17.820000000000004,0.0,324,B,-7.0,0.0
2016-10-31,21,46.7,49.38,-2.6799999999999997,1.0,681,D,-5.0,0.0
2016-10-31,22,884.26,320.14,564.12,0.0,733,A,101.0,0.0
2016-10-31,23,,,,,222,B,,1.0
2016-10-31,24,,,,,85,D,,1.0
2016-10-31,25,22.8,4.16,18.64,0.0,186,A,-15.0,0.0
2016-10-31,26,53315.43,12796.08,40519.35,0.0,73,C,-3034.0,0.0
2016-10-31,27,,,,,533,A,,1.0
2016-10-31,28,646989.75,230399.24,416590.51,0.0,109,A,325756.0,0.0
2016-10-31,29,879.63,499.17,380.46,0.0,459,C,198.0,0.0
2016-10-31,30,33390.59,23363.18,10027.409999999996,0.0,374,A,-17070.0,0.0
2016-10-31,31,,,,,379,B,,1.0
2016-10-31,32,931168.21,204140.81,727027.3999999999,0.0,263,C,432771.0,0.0
2016-10-31,33,,,,,390,E,,1.0
2016-10-31,34,,,,,790,E,,1.0
2016-10-31,35,852791.86,209496.75,643295.11,0.0,98,B,440292.0,0.0
2016-10-31,36,27.89,,-23.880000000000003,1.0,570,E,28.0,0.0
2016-10-31,37,814205.44,348481.2,465724.23999999993,0.0,793,E,712698.0,0.0
2016-10-31,38,405082.23,474418.36,-69336.13,1.0,531,B,282901.0,0.0
2016-10-31,39,,,,,662,B,,1.0
2016-10-31,40,33.92,97.83,-63.91,1.0,886,A,24.0,0.0
2016-10-31,41,832976.55,445605.37,387371.18000000005,0.0,135,B,347407.0,0.0
2016-10-31,42,,,,,180,A,,1.0
2016-10-31,43,499.74,224.97,274.77,0.0,549,C,-756.0,0.0
2016-10-31,44,,,,,415,B,,1.0
2016-10-31,45,,,,,824,A,,1.0
2016-10-31,46,339.65,577.21,-237.56000000000006,1.0,62,C,-67.0,0.0
2016-10-31,47,,,,,137,C,,1.0
2016-10-31,48,311.95,879.87,-567.9200000000001,1.0,473,B,-133.0,0.0
2016-10-31,49,9384.88,8060.84,1324.039999999999,0.0,622,C,-1509.0,0.0
2016-10-31,50,6246.67,5530.26,716.4099999999999,0.0,604,A,952.0,0.0
2016-10-31,51,,,,,868,B,,1.0
2016-10-31,52,,,,,516,C,,1.0
2016-10-31,53,,,,,658,B,,1.0
2016-10-31,54,770.38,442.19,328.19,0.0,196,B,-335.0,0.0
2016-10-31,55,,,,,647,C,,1.0
2016-10-31,56,,,,,676,B,,1.0
2016-10-31,57,311.31,670.47,-359.16,1.0,554,E,-453.0,0.0
2016-10-31,58,567.4,394.38,173.01999999999998,0.0,418,A,-327.0,0.0
2016-10-31,59,,,,,631,A,,1.0
2016-10-31,60,,,,,279,C,,1.0
2016-10-31,61,4899.28,5094.54,-195.26000000000022,1.0,179,D,2531.0,0.0
2016-10-31,62,440106.31,300637.68,139468.63,0.0,601,B,419476.0,0.0
2016-10-31,63,4256.21,3386.22,869.9900000000002,0.0,92,A,-1702.0,0.0
2016-10-31,64,545367.68,45206.82,500160.86000000004,0.0,323,A,123287.0,0.0
2016-10-31,65,710.71,417.54,,0.0,859,B,213.0,0.0
2016-10-31,66,148801.1,30087.84,118713.26000000001,0.0,998,A,575397.0,0.0
2016-10-31,67,82993.46,95987.41,-12993.949999999997,1.0,216,A,-28029.0,0.0
2016-10-31,68,442733.25,105715.18,337018.07,0.0,338,D,481543.0,0.0
2016-10-31,69,,760.39,-451.4,1.0,967,C,-83.0,0.0
2016-10-31,70,6639.68,8110.32,-1470.6399999999994,1.0,848,C,2654.0,0.0
2016-10-31,71,325.03,111.38,213.64999999999998,0.0,166,C,208.0,0.0
2016-10-31,72,164385.6,207500.1,-43114.5,1.0,731,D,484433.0,0.0
2016-10-31,73,31287.9,120358.68,-89070.78,1.0,747,A,63052.0,0.0
2016-10-31,74,48195.16,45146.88,3048.280000000006,0.0,914,B,-29097.0,0.0
2016-10-31,75,1618.47,8373.06,-6754.589999999999,1.0,12,C,2559.0,0.0
2016-10-31,76,29751.24,77806.66,-48055.42,1.0,405,B,20833.0,0.0
2016-10-31,77,,,,,235,D,,1.0
2016-10-31,78,38726.26,98782.73,-60056.469999999994,1.0,886,A,-3420.0,0.0
2016-10-31,79,183.77,111.69,72.08000000000001,,193,B,-769.0,0.0
2016-10-31,80,477.97,465.13,12.840000000000032,0.0,470,A,395.0,0.0
2016-10-31,81,7973.0,4629.33,3343.67,0.0,223,B,4403.0,0.0
2016-10-31,82,,,,,605,C,,1.0
2016-10-31,83,,,,,508,B,,1.0
2016-10-31,84,,,,,630,B,,1.0
2016-10-31,85,241.67,501.99,-260.32000000000005,1.0,103,A,255.0,0.0
2016-10-31,86,149785.51,396718.89,-246933.38,1.0,43,B,512726.0,0.0
2016-10-31,87,,,,,578,C,,1.0
2016-10-31,88,,,,,112,B,,1.0
2016-10-31,89,982.73,419.97,562.76,0.0,815,A,367.0,0.0
2016-10-31,90,957023.87,602984.78,354039.08999999997,0.0,529,A,627732.0,0.0
2016-10-31,91,292817.07,486873.21,-194056.14,1.0,463,A,527492.0,0.0
2016-10-31,92,36227.42,56394.98,-20167.560000000005,1.0,908,A,9242.0,0.0
2016-10-31,93,,,,,235,A,,1.0
2016-10-31,94,14850.99,81251.85,-66400.86,1.0,747,C,14117.0,0.0
2016-10-31,95,992.01,715.5,276.51,0.0,599,D,234.0,0.0
2016-10-31,96,242993.03,448831.01,-205837.98,1.0,80,A,396542.0,0.0
2016-10-31,97,59.23,81.37,-22.140000000000008,1.0,821,B,8.0,0.0
2016-10-31,98,,,,,145,A,,1.0
2016-10-31,99,7234.14,8240.61,-1006.4700000000003,1.0,188,C,2621.0,0.0
2016-11-30,0,55381.75,31551.1,23830.65,0.0,347,A,10641.0,0.0
2016-11-30,1,637659.93,272044.22,365615.7100000001,0.0,427,B,731062.0,0.0
2016-11-30,2,8449.37,3019.26,5430.110000000001,0.0,817,A,-2201.0,0.0
2016-11-30,3,,,,,771,B,,1.0
2016-11-30,4,9527.73,3702.83,5824.9,0.0,445,C,97.0,0.0
2016-11-30,5,508544.84,149270.03,359274.81000000006,0.0,977,A,629150.0,0.0
2016-11-30,6,64.81,727.3,-662.49,1.0,482,A,-3.0,0.0
2016-11-30,7,92.01,59.31,32.7,0.0,108,B,19.0,0.0
2016-11-30,8,95655.18,55714.26,39940.91999999999,0.0,476,D,-54246.0,0.0
2016-11-30,9,,,,,511,E,,1.0
2016-11-30,10,495991.9,126400.96,369590.94,0.0,564,A,253092.0,0.0
2016-11-30,11,751154.29,180401.76,570752.53,0.0,122,A,526594.0,0.0
2016-11-30,12,6737.5,4854.1,1883.3999999999996,0.0,192,C,-765.0,0.0
2016-11-30,13,58.42,19.19,39.230000000000004,0.0,656,B,21.0,0.0
2016-11-30,14,853420.05,319807.82,533612.23,0.0,138,B,497295.0,0.0
2016-11-30,15,,,,,502,B,,1.0
2016-11-30,16,183436.79,467097.05,-283660.26,1.0,349,A,366815.0,0.0
2016-11-30,17,142103.99,201228.29,-59124.30000000002,1.0,339,D,375847.0,0.0
2016-11-30,18,,,,,12,A,,1.0
2016-11-30,19,,,,,947,C,,1.0
2016-11-30,20,53.61,98.81,-45.2,1.0,324,B,-12.0,0.0
2016-11-30,21,56.42,75.28,-18.86,1.0,681,D,-6.0,0.0
2016-11-30,22,779.48,783.71,-4.230000000000018,1.0,733,A,103.0,0.0
2016-11-30,23,,,,,222,B,,1.0
2016-11-30,24,,,,,85,D,,1.0
2016-11-30,25,67.65,80.89,-13.239999999999995,1.0,186,A,-17.0,0.0
2016-11-30,26,30602.56,5409.53,25193.030000000002,0.0,73,C,-514.0,0.0
2016-11-30,27,,,,,533,A,,1.0
2016-11-30,28,494719.08,207602.99,287116.09,0.0,109,A,410311.0,0.0
2016-11-30,29,,,,,459,C,,1.0
2016-11-30,30,89214.89,28619.01,60595.880000000005,0.0,374,A,-17293.0,0.0
2016-11-30,31,,,,,379,B,,1.0
2016-11-30,32,417512.75,387175.89,30336.859999999986,0.0,263,C,518631.0,0.0
2016-11-30,33,,,,,390,E,,1.0
2016-11-30,34,,,,,790,E,,1.0
2016-11-30,35,201749.12,214966.57,,1.0,98,B,530069.0,0.0
2016-11-30,36,26.19,57.03,-30.84,1.0,570,E,31.0,0.0
2016-11-30,37,111428.49,643279.26,-531850.77,1.0,793,E,822115.0,0.0
2016-11-30,38,237360.45,432396.73,-195036.27999999997,1.0,531,B,343126.0,0.0
2016-11-30,39,,,,,662,B,,1.0
2016-11-30,40,10.17,20.25,-10.08,1.0,886,A,25.0,0.0
2016-11-30,41,,,,,135,B,,1.0
2016-11-30,42,,,,,180,A,,1.0
2016-11-30,43,601.44,848.98,-247.53999999999996,1.0,549,C,-781.0,0.0
2016-11-30,44,,,,,415,B,,1.0
2016-11-30,45,,,,,824,A,,1.0
2016-11-30,46,,,,,62,C,,1.0
2016-11-30,47,,,,,137,C,,1.0
2016-11-30,48,677.95,524.76,153.19000000000005,0.0,473,B,-118.0,0.0
2016-11-30,49,4694.96,,-3497.0299999999997,1.0,622,C,-1859.0,0.0
2016-11-30,50,2886.34,3361.49,-475.14999999999964,1.0,604,A,904.0,0.0
2016-11-30,51,,,,,868,B,,1.0
2016-11-30,52,,,,,516,C,,1.0
2016-11-30,53,,,,,658,B,,1.0
2016-11-30,54,883.31,3130.81,-2247.5,1.0,196,B,-654.0,0.0
2016-11-30,55,,,,,647,C,,1.0
2016-11-30,56,,,,,676,B,,1.0
2016-11-30,57,,,,,554,E,,1.0
2016-11-30,58,769.98,266.17,503.81,0.0,418,A,-276.0,0.0
2016-11-30,59,,,,,631,A,,1.0
2016-11-30,60,,,,,279,C,,1.0
2016-11-30,61,9876.46,4507.48,5368.98,0.0,179,D,3195.0,0.0
2016-11-30,62,327901.19,333892.02,-5990.830000000016,1.0,601,B,487855.0,0.0
2016-11-30,63,1963.23,524.27,1438.96,0.0,92,A,-1558.0,0.0
2016-11-30,64,771054.97,124004.35,647050.62,0.0,323,A,187992.0,0.0
2016-11-30,65,703.64,5416.59,-4712.95,1.0,859,B,111.0,0.0
2016-11-30,66,669685.54,387464.44,282221.10000000003,0.0,998,A,689351.0,0.0
2016-11-30,67,13572.37,10202.79,3369.58,0.0,216,A,-30851.0,0.0
2016-11-30,68,665490.97,256681.83,408809.14,0.0,338,D,576907.0,0.0
2016-11-30,69,527.74,454.25,73.49000000000001,0.0,967,C,-75.0,0.0
2016-11-30,70,3964.71,2379.02,1585.69,0.0,848,C,3159.0,0.0
2016-11-30,71,165.3,787.1,-621.8,1.0,166,C,234.0,0.0
2016-11-30,72,903258.53,244816.56,658441.97,0.0,731,D,584268.0,0.0
2016-11-30,73,25535.4,58707.46,-33172.06,1.0,747,A,70209.0,0.0
2016-11-30,74,,,,,914,B,,1.0
2016-11-30,75,7738.95,6294.8,1444.1499999999996,0.0,12,C,2855.0,0.0
2016-11-30,76,75736.43,48520.28,27216.149999999994,0.0,405,B,24143.0,0.0
2016-11-30,77,,,,,235,D,,1.0
2016-11-30,78,43869.23,37498.86,6370.370000000003,0.0,886,A,-4625.0,0.0
2016-11-30,79,424.65,3152.69,-2728.04,1.0,193,B,-1042.0,0.0
2016-11-30,80,868.96,886.87,-17.909999999999968,1.0,470,A,477.0,0.0
2016-11-30,81,3610.71,63821.64,-60210.93,1.0,223,B,3455.0,0.0
2016-11-30,82,,,,,605,C,,1.0
2016-11-30,83,,,,,508,B,,1.0
2016-11-30,84,,,,,630,B,,1.0
2016-11-30,85,758.1,700.78,57.32000000000005,0.0,103,A,275.0,0.0
2016-11-30,86,484245.26,155657.66,328587.6,0.0,43,B,601851.0,0.0
2016-11-30,87,,,,,578,C,,1.0
2016-11-30,88,,,,,112,B,,1.0
2016-11-30,89,700.01,340.85,359.15999999999997,0.0,815,A,431.0,0.0
2016-11-30,90,792516.77,173822.78,618693.99,0.0,529,A,751068.0,0.0
2016-11-30,91,314316.55,467585.5,-153268.95,1.0,463,A,605991.0,0.0
2016-11-30,92,32683.22,34664.32,-1981.0999999999985,1.0,908,A,9655.0,0.0
2016-11-30,93,,,,,235,A,,1.0
2016-11-30,94,20057.64,64122.66,-44065.020000000004,1.0,747,C,13513.0,0.0
2016-11-30,95,,,,,599,D,,1.0
2016-11-30,96,467137.1,194510.5,272626.6,0.0,80,A,479733.0,0.0
2016-11-30,97,34.89,75.78,-40.89,1.0,821,B,8.0,0.0
2016-11-30,98,,,,,145,A,,1.0
2016-11-30,99,5185.52,1305.13,3880.3900000000003,0.0,188,C,2964.0,0.0
2016-12-31,0,16348.74,258404.19,-242055.45,1.0,347,A,6213.0,0.0
2016-12-31,1,403023.94,466189.62,-63165.67999999999,1.0,427,B,831176.0,0.0
2016-12-31,2,8091.84,6803.61,1288.2300000000005,0.0,817,A,-2072.0,0.0
2016-12-31,3,,,,,771,B,,1.0
2016-12-31,4,9120.36,6045.77,3074.59,0.0,445,C,404.0,0.0
2016-12-31,5,164411.49,210172.65,-45761.16,1.0,977,A,730506.0,0.0
2016-12-31,6,33.55,84.66,-51.11,1.0,482,A,-21.0,0.0
2016-12-31,7,39.04,66.72,-27.68,1.0,108,B,23.0,0.0
2016-12-31,8,54882.95,48433.41,6449.539999999994,0.0,476,D,-53601.0,0.0
2016-12-31,9,,,,,511,E,,1.0
2016-12-31,10,810717.23,316503.03,494214.19999999995,0.0,564,A,319396.0,0.0
2016-12-31,11,652198.43,139730.03,512468.4,0.0,122,A,634070.0,0.0
2016-12-31,12,5658.54,4942.93,715.6099999999997,0.0,192,C,-693.0,0.0
2016-12-31,13,33.33,64.76,-31.430000000000007,1.0,656,B,26.0,0.0
2016-12-31,14,247075.42,347269.99,-100194.56999999998,1.0,138,B,578057.0,0.0
2016-12-31,15,,,,,502,B,,1.0
2016-12-31,16,,,,,349,A,,1.0
2016-12-31,17,338721.08,253752.72,84968.36000000002,0.0,339,D,438358.0,0.0
2016-12-31,18,,,,,12,A,,1.0
2016-12-31,19,,,,,947,C,,1.0
2016-12-31,20,86.73,22.45,64.28,0.0,324,B,-5.0,0.0
2016-12-31,21,55.74,27.69,28.05,0.0,681,D,-4.0,0.0
2016-12-31,22,275.11,436.76,-161.64999999999998,1.0,733,A,128.0,0.0
2016-12-31,23,,,,,222,B,,1.0
2016-12-31,24,,,,,85,D,,1.0
2016-12-31,25,,,,,186,A,,1.0
2016-12-31,26,73104.19,98154.49,-25050.300000000003,1.0,73,C,-3019.0,0.0
2016-12-31,27,,,,,533,A,,1.0
2016-12-31,28,137358.83,243134.09,-105775.26000000001,1.0,109,A,491692.0,0.0
2016-12-31,29,,,,,459,C,,1.0
2016-12-31,30,48819.48,26464.28,22355.200000000004,0.0,374,A,-15058.0,0.0
2016-12-31,31,,,,,379,B,,1.0
2016-12-31,32,474044.02,432307.34,41736.67999999999,0.0,263,C,605743.0,0.0
2016-12-31,33,,,,,390,E,,1.0
2016-12-31,34,,,,,790,E,,1.0
2016-12-31,35,429658.8,455348.4,-25689.600000000035,1.0,98,B,619076.0,0.0
2016-12-31,36,78.32,51.59,26.72999999999999,0.0,570,E,34.0,0.0
2016-12-31,37,546598.13,,202453.91999999998,0.0,793,E,937606.0,0.0
2016-12-31,38,239876.24,186890.65,52985.59,0.0,531,B,404940.0,0.0
2016-12-31,39,,,,,662,B,,1.0
2016-12-31,40,53.48,92.9,-39.42000000000001,1.0,886,A,25.0,0.0
2016-12-31,41,,,,,135,B,,1.0
2016-12-31,42,,,,,180,A,,1.0
2016-12-31,43,987.21,882.48,104.73000000000002,0.0,549,C,-770.0,0.0
2016-12-31,44,,,,,415,B,,1.0
2016-12-31,45,,,,,824,A,,1.0
2016-12-31,46,,,,,62,C,,1.0
2016-12-31,47,,,,,137,C,,1.0
2016-12-31,48,763.96,966.63,-202.66999999999996,1.0,473,B,-138.0,0.0
2016-12-31,49,9927.29,3459.69,,0.0,622,C,-1212.0,0.0
2016-12-31,50,6992.79,5172.92,1819.87,0.0,604,A,1193.0,0.0
2016-12-31,51,,,,,868,B,,1.0
2016-12-31,52,,,,,516,C,,1.0
2016-12-31,53,,,,,658,B,,1.0
2016-12-31,54,682.12,442.48,239.64,0.0,196,B,-966.0,0.0
2016-12-31,55,,,,,647,C,,1.0
2016-12-31,56,,,,,676,B,,1.0
2016-12-31,57,,,,,554,E,,1.0
2016-12-31,58,304.3,738.77,-434.46999999999997,1.0,418,A,-320.0,0.0
2016-12-31,59,,,,,631,A,,1.0
2016-12-31,60,,,,,279,C,,1.0
2016-12-31,61,,,,,179,D,,1.0
2016-12-31,62,405322.3,483760.88,-78438.58000000002,1.0,601,B,553881.0,0.0
2016-12-31,63,7284.7,9185.1,-1900.4000000000005,1.0,92,A,-1748.0,0.0
2016-12-31,64,,,,,323,A,,1.0
2016-12-31,65,300.24,51.3,248.94,0.0,859,B,16.0,0.0
2016-12-31,66,192075.31,227962.25,-35886.94,1.0,998,A,802228.0,0.0
2016-12-31,67,97291.21,51328.06,45963.15000000001,0.0,216,A,-26254.0,0.0
2016-12-31,68,710481.0,67219.46,643261.54,0.0,338,D,691568.0,0.0
2016-12-31,69,892.05,207.92,684.13,0.0,967,C,-7.0,0.0
2016-12-31,70,9547.88,6737.81,2810.069999999999,0.0,848,C,3750.0,0.0
2016-12-31,71,321.94,929.47,-607.53,1.0,166,C,242.0,0.0
2016-12-31,72,217571.06,321927.27,-104356.21000000002,1.0,731,D,680972.0,0.0
2016-12-31,73,11117.69,67036.52,-55918.83,1.0,747,A,75688.0,0.0
2016-12-31,74,,,,,914,B,,1.0
2016-12-31,75,7995.73,4744.9,3250.83,0.0,12,C,3249.0,0.0
2016-12-31,76,87612.09,93470.7,-5858.610000000001,1.0,405,B,27277.0,0.0
2016-12-31,77,,,,,235,D,,1.0
2016-12-31,78,22062.35,99069.43,-77007.07999999999,1.0,886,A,-8505.0,0.0
2016-12-31,79,960.67,995.2,-34.530000000000086,1.0,193,B,-1045.0,0.0
2016-12-31,80,768.25,837.61,-69.36000000000001,1.0,470,A,557.0,0.0
2016-12-31,81,5282.14,38617.52,-33335.38,1.0,223,B,1506.0,0.0
2016-12-31,82,,,,,605,C,,1.0
2016-12-31,83,,,,,508,B,,1.0
2016-12-31,84,,,,,630,B,,1.0
2016-12-31,85,579.41,167.86,411.54999999999995,0.0,103,A,307.0,0.0
2016-12-31,86,349512.4,222716.54,126795.86000000002,0.0,43,B,694780.0,0.0
2016-12-31,87,,,,,578,C,,1.0
2016-12-31,88,,,,,112,B,,1.0
2016-12-31,89,,,,,815,A,,1.0
2016-12-31,90,506869.76,440157.8,66711.96000000002,0.0,529,A,876405.0,0.0
2016-12-31,91,712966.62,117833.46,595133.16,0.0,463,A,702344.0,0.0
2016-12-31,92,,,,,908,A,,1.0
2016-12-31,93,,,,,235,A,,1.0
2016-12-31,94,97938.51,86524.29,11414.220000000001,0.0,747,C,13251.0,0.0
2016-12-31,95,,,,,599,D,,1.0
2016-12-31,96,186752.83,252919.84,-66167.01000000001,1.0,80,A,560939.0,0.0
2016-12-31,97,74.86,78.92,-4.060000000000002,1.0,821,B,8.0,0.0
2016-12-31,98,,,,,145,A,,1.0
2016-12-31,99,1558.58,5985.85,-4427.27,1.0,188,C,3176.0,0.0
